family,representative,role,benchmark_status,eval_condition,hardware,runs,n_train,n_eval,posterior_samples,mae_mean,mse_mean,r2_mean,cov90_mean,feature_load_sec_mean,training_runtime_sec_mean,evaluation_runtime_sec_mean,total_runtime_sec_mean,peak_rss_mb_mean,gpu_memory_audit_source,gpu_memory_observed_runs,gpu_peak_reserved_mb_mean,gpu_peak_allocated_mb_mean,sec_per_1k_train,ms_per_eval_example,source,notes
classical,knn_k11,cheap_classical_representative,standardized_microbenchmark_completed,clean,CPU,3,4096,1024,,501.3808769765085,2731597.0250487556,0.11920945757797735,,3.7173424859841666,0.0034156267841657004,0.15925071388483047,3.880169205367565,13065.240885416666,,,,,0.0008338932578529542,0.15551827527815476,/projects/neuro-collab/code/fhn_dnn-1-implementation-in-pytorch/data/important_notes/optimization_track_20260423_hh_track4_checkpoint7_standardized_efficiency/tables/hh_track4_checkpoint7_standardized_efficiency_results_20260423_hh_track4_checkpoint7_standardized_efficiency.csv,CPU standardized classical microbenchmark on 4096/1024 frozen Track4 split.
classical,random_forest_500,clean_accuracy_representative,standardized_microbenchmark_completed,clean,CPU,3,4096,1024,,441.0327819768649,2349141.0381225995,0.19885775257915514,,7.50793116632849,213.69031172680357,0.09733039451142152,221.29576757581285,13058.361979166666,,,,,52.17048626142665,0.09504921339006007,/projects/neuro-collab/code/fhn_dnn-1-implementation-in-pytorch/data/important_notes/optimization_track_20260423_hh_track4_checkpoint7_standardized_efficiency/tables/hh_track4_checkpoint7_standardized_efficiency_results_20260423_hh_track4_checkpoint7_standardized_efficiency.csv,CPU standardized classical microbenchmark on 4096/1024 frozen Track4 split.
sbi,sbi_feature_aware_snpe_clean,clean_promoted_snpe_reference,standardized_existing_v100_seed_block,clean,V100(cuda),4,12288,256,16,597.2075805664062,2179522.625,0.25872034952044487,0.6354166666666666,,104.52764838933945,8.426726937294006,125.57544332742691,1603.962891,/projects/neuro-collab/code/fhn_dnn-1-implementation-in-pytorch/data/important_notes/optimization_track_20260423_hh_track4_checkpoint7_standardized_efficiency/tables/hh_track4_checkpoint7_vram_chain_audit_20260423.csv,3,592.000000,532.147949,8.50648180251786,32.91690209880471,/projects/neuro-collab/code/fhn_dnn-1-implementation-in-pytorch/data/important_notes/optimization_track_20260423_hh_track4_checkpoint7_standardized_efficiency/tables/hh_track4_checkpoint7_standardized_efficiency_sbi_seed_rows_20260423.csv,Derived from completed V100 SBI metrics_summary.json seed runs; host peak RSS joined from Slurm step accounting; original seed block lacked GPU VRAM telemetry. checkpoint7 chained rerun added V100 GPU memory telemetry. checkpoint7 rerun package added V100 GPU memory telemetry.
sbi,sbi_fmpe_clean,clean_sbi_winner,standardized_existing_v100_seed_block,clean,V100(cuda),4,12288,256,16,582.3028106689453,2005330.53125,0.2679327391088009,0.6573893229166667,,53.97797429561615,102.27064722776413,166.72134047746658,1594.290039,/projects/neuro-collab/code/fhn_dnn-1-implementation-in-pytorch/data/important_notes/optimization_track_20260423_hh_track4_checkpoint7_standardized_efficiency/tables/hh_track4_checkpoint7_vram_chain_audit_20260423.csv,3,584.000000,532.147949,4.392738793588554,399.49471573345363,/projects/neuro-collab/code/fhn_dnn-1-implementation-in-pytorch/data/important_notes/optimization_track_20260423_hh_track4_checkpoint7_standardized_efficiency/tables/hh_track4_checkpoint7_standardized_efficiency_sbi_seed_rows_20260423.csv,Derived from completed V100 SBI metrics_summary.json seed runs; host peak RSS joined from Slurm step accounting; original seed block lacked GPU VRAM telemetry. checkpoint7 chained rerun added V100 GPU memory telemetry. checkpoint7 rerun package added V100 GPU memory telemetry.
sbi,sbi_npse_clean_not_promoted,modern_sbi_covered_not_promoted,standardized_existing_v100_seed_block,clean,V100(cuda),4,12288,256,16,620.6118927001953,2072546.71875,0.25984976068139076,0.66650390625,,92.3067524433136,374.8093273639679,482.24344593286514,1574.409180,/projects/neuro-collab/code/fhn_dnn-1-implementation-in-pytorch/data/important_notes/optimization_track_20260423_hh_track4_checkpoint7_standardized_efficiency/tables/hh_track4_checkpoint7_vram_chain_audit_20260423.csv,3,584.666667,532.147949,7.511942744410286,1464.0989350154996,/projects/neuro-collab/code/fhn_dnn-1-implementation-in-pytorch/data/important_notes/optimization_track_20260423_hh_track4_checkpoint7_standardized_efficiency/tables/hh_track4_checkpoint7_standardized_efficiency_sbi_seed_rows_20260423.csv,Derived from completed V100 SBI metrics_summary.json seed runs; host peak RSS joined from Slurm step accounting; original seed block lacked GPU VRAM telemetry. checkpoint7 chained rerun added V100 GPU memory telemetry. checkpoint7 rerun package added V100 GPU memory telemetry.
sbi,sbi_snpe_matched_drift010,robust_sbi_winner_for_drift010,standardized_existing_v100_seed_block,drift010,V100(cuda),4,12288,256,16,676.3062133789062,2834874.25,0.14082061732187867,0.5862630208333334,,101.90519165992737,8.829193413257599,126.1350668668747,1887.425781,/projects/neuro-collab/code/fhn_dnn-1-implementation-in-pytorch/data/important_notes/optimization_track_20260423_hh_track4_checkpoint7_standardized_efficiency/tables/hh_track4_checkpoint7_vram_chain_audit_20260423.csv,3,592.000000,532.147949,8.293065727533152,34.489036770537496,/projects/neuro-collab/code/fhn_dnn-1-implementation-in-pytorch/data/important_notes/optimization_track_20260423_hh_track4_checkpoint7_standardized_efficiency/tables/hh_track4_checkpoint7_standardized_efficiency_sbi_seed_rows_20260423.csv,Derived from completed V100 SBI metrics_summary.json seed runs; host peak RSS joined from Slurm step accounting; original seed block lacked GPU VRAM telemetry. checkpoint7 chained rerun added V100 GPU memory telemetry. checkpoint7 rerun package added V100 GPU memory telemetry.
sbi,sbi_snpe_matched_mask20,robust_sbi_winner_for_mask20,standardized_existing_v100_seed_block,mask20,V100(cuda),4,12288,256,16,618.976318359375,2290110.9375,0.21571926400065422,0.6238606770833333,,112.87140268087387,9.400143802165985,137.35886561870575,1636.111328,/projects/neuro-collab/code/fhn_dnn-1-implementation-in-pytorch/data/important_notes/optimization_track_20260423_hh_track4_checkpoint7_standardized_efficiency/tables/hh_track4_checkpoint7_vram_chain_audit_20260423.csv,3,592.000000,532.147949,9.185498265045075,36.71931172721088,/projects/neuro-collab/code/fhn_dnn-1-implementation-in-pytorch/data/important_notes/optimization_track_20260423_hh_track4_checkpoint7_standardized_efficiency/tables/hh_track4_checkpoint7_standardized_efficiency_sbi_seed_rows_20260423.csv,Derived from completed V100 SBI metrics_summary.json seed runs; host peak RSS joined from Slurm step accounting; original seed block lacked GPU VRAM telemetry. checkpoint7 chained rerun added V100 GPU memory telemetry. checkpoint7 rerun package added V100 GPU memory telemetry.
neural,effnet_beta005_invvar_e500,dominated_neural_reference,proxy_only_from_prior_efficiency_audit,clean,A30(train)+V100(eval),,4096,1024,,879.4622955322266,4847440.25,-0.1028677262365818,,,235.76125,25.875,261.63625,,,,,,63.87603759765625,25.2685546875,/projects/neuro-collab/code/fhn_dnn-1-implementation-in-pytorch/data/important_notes/optimization_track_20260423_hh_track4_checkpoint7_efficiency_audit/tables/family_efficiency_audit.csv,Prior audit proxy only; neural is dominated on clean accuracy and is not a systems winner.
direct_fitting,blocked_missing_simulator_metadata,scientifically_relevant_but_workspace_blocked,blocked,,,,,,,,,,,,,,,,,,,,,,/projects/neuro-collab/code/fhn_dnn-1-implementation-in-pytorch/data/important_notes/optimization_track_20260423_hh_track4_closure_plan/notes/notes.md,"No runnable HH simulator contract, parameter semantics, or generation metadata found in workspace."
