run_name,initializer,objective,mean_trace_rmse_z,mean_summary_rel_l1,mean_range_rel_error,mean_mean_rel_error,mean_std_rel_error,current_gain,source
hybrid_refinement_surrogate_bundle_prediction_swyft_tmnre_score_prune_structured_v100_20260426_map_bank_20260425,predictions_map_bank,2.6260420632806394,0.9730630993843079,0.18276999458362037,0.25946032066287705,15.234085845947266,0.13708817064762116,2.0000134312766886,/projects/neuro-collab/code/fhn_dnn-1-implementation-in-pytorch/data/important_notes/optimization_track_20260425_hh_track4_assumption_conditioned_surrogate_bundle/runs/direct_fitting/hybrid_refinement_surrogate_bundle_prediction_swyft_tmnre_score_prune_structured_v100_20260426_map_bank_20260425/hybrid_refinement_manifest.json
hybrid_refinement_surrogate_bundle_prediction_swyft_tmnre_structured_stage1_v100_20260425_map_bank_20260425,predictions_map_bank,2.6541208675628667,1.0009848117828368,0.1821242151829912,0.2664248529896681,15.232416534423828,0.12865956425666808,2.000198201992435,/projects/neuro-collab/code/fhn_dnn-1-implementation-in-pytorch/data/important_notes/optimization_track_20260425_hh_track4_assumption_conditioned_surrogate_bundle/runs/direct_fitting/hybrid_refinement_surrogate_bundle_prediction_swyft_tmnre_structured_stage1_v100_20260425_map_bank_20260425/hybrid_refinement_manifest.json
hybrid_refinement_surrogate_bundle_prediction_swyft_tmnre_score_prune_structured_v100_20260426_median_20260425,predictions_median,2.663486648818016,1.008534586429596,0.18200932366712222,0.2750784284841914,15.237863922119141,0.12446721196174622,2.0000062996816594,/projects/neuro-collab/code/fhn_dnn-1-implementation-in-pytorch/data/important_notes/optimization_track_20260425_hh_track4_assumption_conditioned_surrogate_bundle/runs/direct_fitting/hybrid_refinement_surrogate_bundle_prediction_swyft_tmnre_score_prune_structured_v100_20260426_median_20260425/hybrid_refinement_manifest.json
hybrid_refinement_surrogate_bundle_prediction_bayesflow_temporal_v100_20260426_mean_20260425,predictions_mean,2.6663372719908662,1.0160592675209046,0.1817292063756972,0.25946475384704437,15.221318817138672,0.12647949755191804,2.0002951638074897,/projects/neuro-collab/code/fhn_dnn-1-implementation-in-pytorch/data/important_notes/optimization_track_20260425_hh_track4_assumption_conditioned_surrogate_bundle/runs/direct_fitting/hybrid_refinement_surrogate_bundle_prediction_bayesflow_temporal_v100_20260426_mean_20260425/hybrid_refinement_manifest.json
hybrid_refinement_surrogate_bundle_prediction_bayesflow_native_structured_currfusion_deltas_v100_20260425_mean_20260425,predictions_mean,2.669316996739262,1.0149516344070435,0.18185945041460563,0.27449768135827823,15.235230255126954,0.12291992902755737,2.0000042291094045,/projects/neuro-collab/code/fhn_dnn-1-implementation-in-pytorch/data/important_notes/optimization_track_20260425_hh_track4_assumption_conditioned_surrogate_bundle/runs/direct_fitting/hybrid_refinement_surrogate_bundle_prediction_bayesflow_native_structured_currfusion_deltas_v100_20260425_mean_20260425/hybrid_refinement_manifest.json
hybrid_refinement_surrogate_bundle_prediction_bayesflow_native_structured_currfusion_deltas_v100_20260425_median_20260425,predictions_median,2.6698027487807985,1.0163842678070067,0.18180428111468852,0.27133238786284297,15.23189926147461,0.12330578863620759,2.000008156479168,/projects/neuro-collab/code/fhn_dnn-1-implementation-in-pytorch/data/important_notes/optimization_track_20260425_hh_track4_assumption_conditioned_surrogate_bundle/runs/direct_fitting/hybrid_refinement_surrogate_bundle_prediction_bayesflow_native_structured_currfusion_deltas_v100_20260425_median_20260425/hybrid_refinement_manifest.json
hybrid_refinement_surrogate_bundle_prediction_bayesflow_fusion_transformer_v100_20260426_mean_20260425,predictions_mean,2.670552602111242,1.020603597164154,0.18162695345796157,0.2594008787355436,15.219738006591797,0.12525594830513,2.0002698504856746,/projects/neuro-collab/code/fhn_dnn-1-implementation-in-pytorch/data/important_notes/optimization_track_20260425_hh_track4_assumption_conditioned_surrogate_bundle/runs/direct_fitting/hybrid_refinement_surrogate_bundle_prediction_bayesflow_fusion_transformer_v100_20260426_mean_20260425/hybrid_refinement_manifest.json
hybrid_refinement_surrogate_bundle_prediction_bayesflow_deepset_posterior_v100_20260426_mean_20260425,predictions_mean,2.6709558503315236,1.0210315465927124,0.18161681831165544,0.25942042200537163,15.219612884521485,0.12513044476509094,2.000105621813734,/projects/neuro-collab/code/fhn_dnn-1-implementation-in-pytorch/data/important_notes/optimization_track_20260425_hh_track4_assumption_conditioned_surrogate_bundle/runs/direct_fitting/hybrid_refinement_surrogate_bundle_prediction_bayesflow_deepset_posterior_v100_20260426_mean_20260425/hybrid_refinement_manifest.json
hybrid_refinement_surrogate_bundle_prediction_bayesflow_currfusion_deltas_medoid_20260425,predictions_medoid,2.6741214989865365,1.018857514858246,0.18180851165059053,0.27867817402801975,15.237686920166016,0.12126678228378296,2.0002769474151894,/projects/neuro-collab/code/fhn_dnn-1-implementation-in-pytorch/data/important_notes/optimization_track_20260425_hh_track4_assumption_conditioned_surrogate_bundle/runs/direct_fitting/hybrid_refinement_surrogate_bundle_prediction_bayesflow_currfusion_deltas_medoid_20260425/hybrid_refinement_manifest.json
hybrid_refinement_surrogate_bundle_prediction_bayesflow_native_structured_currfusion_deltas_v100_20260425_medoid_20260425,predictions_medoid,2.6741214989865365,1.018857514858246,0.18180851165059053,0.27867817402801975,15.237686920166016,0.12126678228378296,2.0002769474151894,/projects/neuro-collab/code/fhn_dnn-1-implementation-in-pytorch/data/important_notes/optimization_track_20260425_hh_track4_assumption_conditioned_surrogate_bundle/runs/direct_fitting/hybrid_refinement_surrogate_bundle_prediction_bayesflow_native_structured_currfusion_deltas_v100_20260425_medoid_20260425/hybrid_refinement_manifest.json
hybrid_refinement_surrogate_bundle_prediction_snpe_maf_r3_pool4096_final2048_mean_20260425,predictions_mean,2.6776527688092173,1.028214704990387,0.1814608147972337,0.25948691976788074,15.217198944091797,0.12309500277042389,2.000001561879331,/projects/neuro-collab/code/fhn_dnn-1-implementation-in-pytorch/data/important_notes/optimization_track_20260425_hh_track4_assumption_conditioned_surrogate_bundle/runs/direct_fitting/hybrid_refinement_surrogate_bundle_prediction_snpe_maf_r3_pool4096_final2048_mean_20260425/hybrid_refinement_manifest.json
hybrid_refinement_surrogate_bundle_prediction_snpe_maf_r3_pool4096_final2048_selected_20260425,predictions_selected,2.6776527688092173,1.028214704990387,0.1814608147972337,0.25948691976788074,15.217198944091797,0.12309500277042389,2.000001561879331,/projects/neuro-collab/code/fhn_dnn-1-implementation-in-pytorch/data/important_notes/optimization_track_20260425_hh_track4_assumption_conditioned_surrogate_bundle/runs/direct_fitting/hybrid_refinement_surrogate_bundle_prediction_snpe_maf_r3_pool4096_final2048_selected_20260425/hybrid_refinement_manifest.json
hybrid_refinement_surrogate_bundle_prediction_swyft_tmnre_schedule_matrix_v100_20260425_map_bank_20260425,predictions_map_bank,2.682063535780693,1.0284115552902222,0.18157308219865392,0.27517152535170425,15.231191253662109,0.11947971284389496,2.0000320394146303,/projects/neuro-collab/code/fhn_dnn-1-implementation-in-pytorch/data/important_notes/optimization_track_20260425_hh_track4_assumption_conditioned_surrogate_bundle/runs/direct_fitting/hybrid_refinement_surrogate_bundle_prediction_swyft_tmnre_schedule_matrix_v100_20260425_map_bank_20260425/hybrid_refinement_manifest.json
hybrid_refinement_surrogate_bundle_prediction_bayesflow_set_posterior_v100_20260426_mean_20260425,predictions_mean,2.6839467660525553,1.0350323796272278,0.18131290414927587,0.2593842288226739,15.214629364013671,0.12115087807178497,2.000313892230531,/projects/neuro-collab/code/fhn_dnn-1-implementation-in-pytorch/data/important_notes/optimization_track_20260425_hh_track4_assumption_conditioned_surrogate_bundle/runs/direct_fitting/hybrid_refinement_surrogate_bundle_prediction_bayesflow_set_posterior_v100_20260426_mean_20260425/hybrid_refinement_manifest.json
hybrid_refinement_surrogate_bundle_prediction_bayesflow_temporal_v100_20260426_medoid_20260425,predictions_medoid,2.684870139027656,1.0293070197105407,0.18144178339846984,0.2956008709643916,15.217910003662109,0.11147320568561554,2.000283785954883,/projects/neuro-collab/code/fhn_dnn-1-implementation-in-pytorch/data/important_notes/optimization_track_20260425_hh_track4_assumption_conditioned_surrogate_bundle/runs/direct_fitting/hybrid_refinement_surrogate_bundle_prediction_bayesflow_temporal_v100_20260426_medoid_20260425/hybrid_refinement_manifest.json
hybrid_refinement_surrogate_bundle_prediction_bayesflow_temporal_transformer_v100_20260426_mean_20260425,predictions_mean,2.687335933581489,1.038686990737915,0.18123444056346044,0.2593967162573262,15.213317108154296,0.12005834579467774,2.0003003572734324,/projects/neuro-collab/code/fhn_dnn-1-implementation-in-pytorch/data/important_notes/optimization_track_20260425_hh_track4_assumption_conditioned_surrogate_bundle/runs/direct_fitting/hybrid_refinement_surrogate_bundle_prediction_bayesflow_temporal_transformer_v100_20260426_mean_20260425/hybrid_refinement_manifest.json
hybrid_refinement_surrogate_bundle_prediction_bayesflow_set_posterior_v100_20260426_medoid_20260425,predictions_medoid,2.706551352835119,1.0500990509986878,0.18125303336909365,0.29112212198556425,15.237120819091796,0.11077233850955963,2.0002274706259886,/projects/neuro-collab/code/fhn_dnn-1-implementation-in-pytorch/data/important_notes/optimization_track_20260425_hh_track4_assumption_conditioned_surrogate_bundle/runs/direct_fitting/hybrid_refinement_surrogate_bundle_prediction_bayesflow_set_posterior_v100_20260426_medoid_20260425/hybrid_refinement_manifest.json
hybrid_refinement_surrogate_bundle_prediction_fmpe_mlp_r2_pool4096_final2048_mean_20260425,predictions_mean,2.707203714226467,1.0603514552116393,0.18077523426194175,0.2593987974964349,15.203606414794923,0.11340526044368744,2.0000018437463334,/projects/neuro-collab/code/fhn_dnn-1-implementation-in-pytorch/data/important_notes/optimization_track_20260425_hh_track4_assumption_conditioned_surrogate_bundle/runs/direct_fitting/hybrid_refinement_surrogate_bundle_prediction_fmpe_mlp_r2_pool4096_final2048_mean_20260425/hybrid_refinement_manifest.json
hybrid_refinement_surrogate_bundle_prediction_fmpe_mlp_r2_pool4096_final2048_selected_20260425,predictions_selected,2.707203714226467,1.0603514552116393,0.18077523426194175,0.2593987974964349,15.203606414794923,0.11340526044368744,2.0000018437463334,/projects/neuro-collab/code/fhn_dnn-1-implementation-in-pytorch/data/important_notes/optimization_track_20260425_hh_track4_assumption_conditioned_surrogate_bundle/runs/direct_fitting/hybrid_refinement_surrogate_bundle_prediction_fmpe_mlp_r2_pool4096_final2048_selected_20260425/hybrid_refinement_manifest.json
hybrid_refinement_surrogate_bundle_prediction_bayesflow_native_v100_20260425_medoid_20260425,predictions_medoid,2.7076997154592557,1.0513808369636535,0.18122592111096217,0.2909979928288805,15.23647689819336,0.11042517721652985,2.00030145100875,/projects/neuro-collab/code/fhn_dnn-1-implementation-in-pytorch/data/important_notes/optimization_track_20260425_hh_track4_assumption_conditioned_surrogate_bundle/runs/direct_fitting/hybrid_refinement_surrogate_bundle_prediction_bayesflow_native_v100_20260425_medoid_20260425/hybrid_refinement_manifest.json
hybrid_refinement_surrogate_bundle_prediction_swyft_tmnre_schedule_matrix_v100_20260425_median_20260425,predictions_median,2.70788804321774,1.061108660697937,0.18075890938332587,0.25942928837370616,15.203133392333985,0.11314567327499389,2.000019275759238,/projects/neuro-collab/code/fhn_dnn-1-implementation-in-pytorch/data/important_notes/optimization_track_20260425_hh_track4_assumption_conditioned_surrogate_bundle/runs/direct_fitting/hybrid_refinement_surrogate_bundle_prediction_swyft_tmnre_schedule_matrix_v100_20260425_median_20260425/hybrid_refinement_manifest.json
hybrid_refinement_surrogate_bundle_prediction_bayesflow_temporal_transformer_v100_20260426_medoid_20260425,predictions_medoid,2.7109250277972334,1.0539796590805053,0.18119648126216237,0.29402585761513017,15.238097381591796,0.10911690592765808,2.00000865568829,/projects/neuro-collab/code/fhn_dnn-1-implementation-in-pytorch/data/important_notes/optimization_track_20260425_hh_track4_assumption_conditioned_surrogate_bundle/runs/direct_fitting/hybrid_refinement_surrogate_bundle_prediction_bayesflow_temporal_transformer_v100_20260426_medoid_20260425/hybrid_refinement_manifest.json
hybrid_refinement_surrogate_bundle_prediction_poolseq_snpe_median_20260425,predictions_median,2.7119442997967598,1.054653036594391,0.18119386352253244,0.2954843752061641,15.23911361694336,0.10865174233913422,2.0000008637499653,/projects/neuro-collab/code/fhn_dnn-1-implementation-in-pytorch/data/important_notes/optimization_track_20260425_hh_track4_assumption_conditioned_surrogate_bundle/runs/direct_fitting/hybrid_refinement_surrogate_bundle_prediction_poolseq_snpe_median_20260425/hybrid_refinement_manifest.json
hybrid_refinement_surrogate_bundle_prediction_bayesflow_currfusion_deltas_20260425,predictions_test,2.7313642533353595,1.075891661643982,0.18076524017476114,0.2952981814711385,15.229412078857422,0.1020391345024109,2.0002286461184786,/projects/neuro-collab/code/fhn_dnn-1-implementation-in-pytorch/data/important_notes/optimization_track_20260425_hh_track4_assumption_conditioned_surrogate_bundle/runs/direct_fitting/hybrid_refinement_surrogate_bundle_prediction_bayesflow_currfusion_deltas_20260425/hybrid_refinement_manifest.json
hybrid_refinement_surrogate_bundle_prediction_bayesflow_fusion_transformer_v100_20260426_medoid_20260425,predictions_medoid,2.73247394124403,1.0770522236824036,0.18074313632680591,0.29549324157449863,15.229013824462891,0.10161589086055756,2.0000030654888774,/projects/neuro-collab/code/fhn_dnn-1-implementation-in-pytorch/data/important_notes/optimization_track_20260425_hh_track4_assumption_conditioned_surrogate_bundle/runs/direct_fitting/hybrid_refinement_surrogate_bundle_prediction_bayesflow_fusion_transformer_v100_20260426_medoid_20260425/hybrid_refinement_manifest.json
hybrid_refinement_surrogate_bundle_prediction_swyft_concat_light_20260425,predictions_test,2.735676071742316,1.0843727231025695,0.18048162556732028,0.2836965385053765,15.212853240966798,0.10110147893428803,2.000012740550861,/projects/neuro-collab/code/fhn_dnn-1-implementation-in-pytorch/data/important_notes/optimization_track_20260425_hh_track4_assumption_conditioned_surrogate_bundle/runs/direct_fitting/hybrid_refinement_surrogate_bundle_prediction_swyft_concat_light_20260425/hybrid_refinement_manifest.json
hybrid_refinement_surrogate_bundle_prediction_bayesflow_native_structured_currfusion_v100_20260425_median_20260425,predictions_median,2.742942229322754,1.1453554153442382,0.16047972339815497,1.0053260871155534,13.004370880126952,0.39916605353355405,2.0000064729836993,/projects/neuro-collab/code/fhn_dnn-1-implementation-in-pytorch/data/important_notes/optimization_track_20260425_hh_track4_assumption_conditioned_surrogate_bundle/runs/direct_fitting/hybrid_refinement_surrogate_bundle_prediction_bayesflow_native_structured_currfusion_v100_20260425_median_20260425/hybrid_refinement_manifest.json
hybrid_refinement_surrogate_bundle_prediction_bayesflow_deepset_posterior_v100_20260426_median_20260425,predictions_median,2.749472041102293,1.1068864226341248,0.17985421844941774,0.25947362021537895,15.179578399658203,0.09784078001976013,2.0002744987064154,/projects/neuro-collab/code/fhn_dnn-1-implementation-in-pytorch/data/important_notes/optimization_track_20260425_hh_track4_assumption_conditioned_surrogate_bundle/runs/direct_fitting/hybrid_refinement_surrogate_bundle_prediction_bayesflow_deepset_posterior_v100_20260426_median_20260425/hybrid_refinement_manifest.json
hybrid_refinement_surrogate_bundle_prediction_swyft_tmnre_native_v100_20260425_mean_20260425,predictions_mean,2.7551162359004677,1.1128161191940307,0.17976657677646038,0.2593675789098042,15.179062652587891,0.09602033793926239,2.0000053239950333,/projects/neuro-collab/code/fhn_dnn-1-implementation-in-pytorch/data/important_notes/optimization_track_20260425_hh_track4_assumption_conditioned_surrogate_bundle/runs/direct_fitting/hybrid_refinement_surrogate_bundle_prediction_swyft_tmnre_native_v100_20260425_mean_20260425/hybrid_refinement_manifest.json
hybrid_refinement_surrogate_bundle_prediction_bayesflow_fusion_transformer_v100_20260426_median_20260425,predictions_median,2.7572272736049794,1.1151360154151917,0.17972307309566538,0.25946918703121163,15.177848052978515,0.09509539902210236,2.00030145100875,/projects/neuro-collab/code/fhn_dnn-1-implementation-in-pytorch/data/important_notes/optimization_track_20260425_hh_track4_assumption_conditioned_surrogate_bundle/runs/direct_fitting/hybrid_refinement_surrogate_bundle_prediction_bayesflow_fusion_transformer_v100_20260426_median_20260425/hybrid_refinement_manifest.json
hybrid_refinement_surrogate_bundle_prediction_swyft_tmnre_schedule_matrix_20260425,predictions_test,2.7598368345180986,1.1184939980506896,0.17962365591715151,0.2593571727142607,15.172621917724609,0.09340930581092835,2.000004527511064,/projects/neuro-collab/code/fhn_dnn-1-implementation-in-pytorch/data/important_notes/optimization_track_20260425_hh_track4_assumption_conditioned_surrogate_bundle/runs/direct_fitting/hybrid_refinement_surrogate_bundle_prediction_swyft_tmnre_schedule_matrix_20260425/hybrid_refinement_manifest.json
hybrid_refinement_surrogate_bundle_prediction_swyft_native_concat_small_v100_20260425_median_20260425,predictions_median,2.765008980945427,1.1243634223937988,0.17950027998894597,0.25942042200537163,15.168428802490235,0.09093495905399322,2.0000105246050572,/projects/neuro-collab/code/fhn_dnn-1-implementation-in-pytorch/data/important_notes/optimization_track_20260425_hh_track4_assumption_conditioned_surrogate_bundle/runs/direct_fitting/hybrid_refinement_surrogate_bundle_prediction_swyft_native_concat_small_v100_20260425_median_20260425/hybrid_refinement_manifest.json
hybrid_refinement_surrogate_bundle_prediction_bayesflow_deepset_posterior_v100_20260426_medoid_20260425,predictions_medoid,2.7774814425048238,1.138783347606659,0.1791838339367231,0.2595090856887171,15.156375885009766,0.08444347381591796,2.000361592506833,/projects/neuro-collab/code/fhn_dnn-1-implementation-in-pytorch/data/important_notes/optimization_track_20260425_hh_track4_assumption_conditioned_surrogate_bundle/runs/direct_fitting/hybrid_refinement_surrogate_bundle_prediction_bayesflow_deepset_posterior_v100_20260426_medoid_20260425/hybrid_refinement_manifest.json
hybrid_refinement_surrogate_bundle_prediction_swyft_flat_20260425,predictions_test,2.7795771787493613,1.140819787979126,0.1791686977546377,0.25950465250454985,15.157624053955079,0.08385010659694672,2.0000034714142636,/projects/neuro-collab/code/fhn_dnn-1-implementation-in-pytorch/data/important_notes/optimization_track_20260425_hh_track4_assumption_conditioned_surrogate_bundle/runs/direct_fitting/hybrid_refinement_surrogate_bundle_prediction_swyft_flat_20260425/hybrid_refinement_manifest.json
hybrid_refinement_surrogate_bundle_prediction_swyft_native_concat_small_v100_20260425_mean_20260425,predictions_mean,2.7808105733174733,1.1423995614051818,0.17912378265414977,0.25950021932038253,15.155197906494141,0.08297853469848633,2.000049129436759,/projects/neuro-collab/code/fhn_dnn-1-implementation-in-pytorch/data/important_notes/optimization_track_20260425_hh_track4_assumption_conditioned_surrogate_bundle/runs/direct_fitting/hybrid_refinement_surrogate_bundle_prediction_swyft_native_concat_small_v100_20260425_mean_20260425/hybrid_refinement_manifest.json
hybrid_refinement_surrogate_bundle_prediction_swyft_tmnre_flat_20260425,predictions_test,2.7832108769769937,1.1449388027191163,0.1790874505290055,0.259442587926208,15.154998016357421,0.08203147351741791,2.000013190931361,/projects/neuro-collab/code/fhn_dnn-1-implementation-in-pytorch/data/important_notes/optimization_track_20260425_hh_track4_assumption_conditioned_surrogate_bundle/runs/direct_fitting/hybrid_refinement_surrogate_bundle_prediction_swyft_tmnre_flat_20260425/hybrid_refinement_manifest.json
hybrid_refinement_surrogate_bundle_prediction_swyft_native_v100_20260425_median_20260425,predictions_median,2.786683918467921,1.1489826560020446,0.17899685279816746,0.2595090856887171,15.151453399658203,0.08005206882953644,2.0000029029216333,/projects/neuro-collab/code/fhn_dnn-1-implementation-in-pytorch/data/important_notes/optimization_track_20260425_hh_track4_assumption_conditioned_surrogate_bundle/runs/direct_fitting/hybrid_refinement_surrogate_bundle_prediction_swyft_native_v100_20260425_median_20260425/hybrid_refinement_manifest.json
hybrid_refinement_surrogate_bundle_prediction_swyft_native_v100_20260425_mean_20260425,predictions_mean,2.787234488974024,1.13886057138443,0.179448460155275,0.29555530615284054,15.187903594970702,0.07665535807609558,2.0000231531941433,/projects/neuro-collab/code/fhn_dnn-1-implementation-in-pytorch/data/important_notes/optimization_track_20260425_hh_track4_assumption_conditioned_surrogate_bundle/runs/direct_fitting/hybrid_refinement_surrogate_bundle_prediction_swyft_native_v100_20260425_mean_20260425/hybrid_refinement_manifest.json
hybrid_refinement_surrogate_bundle_prediction_bayesflow_meanstd_20260425,predictions_test,2.7878090681565135,1.139485728740692,0.1794389974933775,0.295466642469495,15.18782730102539,0.0764363169670105,2.0000082108250328,/projects/neuro-collab/code/fhn_dnn-1-implementation-in-pytorch/data/important_notes/optimization_track_20260425_hh_track4_assumption_conditioned_surrogate_bundle/runs/direct_fitting/hybrid_refinement_surrogate_bundle_prediction_bayesflow_meanstd_20260425/hybrid_refinement_manifest.json
hybrid_refinement_surrogate_bundle_prediction_swyft_tmnre_native_v100_20260425_median_20260425,predictions_median,2.79171411369711,1.154761803150177,0.17887735012439057,0.25942928837370616,15.147270965576173,0.07732283771038055,2.000002753824575,/projects/neuro-collab/code/fhn_dnn-1-implementation-in-pytorch/data/important_notes/optimization_track_20260425_hh_track4_assumption_conditioned_surrogate_bundle/runs/direct_fitting/hybrid_refinement_surrogate_bundle_prediction_swyft_tmnre_native_v100_20260425_median_20260425/hybrid_refinement_manifest.json
hybrid_refinement_surrogate_bundle_prediction_swyft_tmnre_structured_20260425,predictions_test,2.8069855221562356,1.1725629806518554,0.17848488603855536,0.2596154821087318,15.132277679443359,0.06801967024803161,2.00003712636536,/projects/neuro-collab/code/fhn_dnn-1-implementation-in-pytorch/data/important_notes/optimization_track_20260425_hh_track4_assumption_conditioned_surrogate_bundle/runs/direct_fitting/hybrid_refinement_surrogate_bundle_prediction_swyft_tmnre_structured_20260425/hybrid_refinement_manifest.json
hybrid_refinement_surrogate_bundle_prediction_bayesflow_native_meanstd_v100_20260425_median_20260425,predictions_median,2.8101703910125386,1.1764203667640687,0.17839413901064063,0.2594159888212043,15.128388214111329,0.06590056419372559,2.000055053635061,/projects/neuro-collab/code/fhn_dnn-1-implementation-in-pytorch/data/important_notes/optimization_track_20260425_hh_track4_assumption_conditioned_surrogate_bundle/runs/direct_fitting/hybrid_refinement_surrogate_bundle_prediction_bayesflow_native_meanstd_v100_20260425_median_20260425/hybrid_refinement_manifest.json
hybrid_refinement_surrogate_bundle_prediction_swyft_aligned_pool_20260425,predictions_test,2.813831703939944,1.1806672930717468,0.17830270992025224,0.259442587926208,15.125145721435548,0.06355372667312623,2.0002720709991455,/projects/neuro-collab/code/fhn_dnn-1-implementation-in-pytorch/data/important_notes/optimization_track_20260425_hh_track4_assumption_conditioned_surrogate_bundle/runs/direct_fitting/hybrid_refinement_surrogate_bundle_prediction_swyft_aligned_pool_20260425/hybrid_refinement_manifest.json
hybrid_refinement_surrogate_bundle_prediction_bayesflow_native_v100_20260425_median_20260425,predictions_median,2.821711862984766,1.1818146586418152,0.17843691945642015,0.2866756382657861,15.145032501220703,0.05605904757976532,2.000000175385374,/projects/neuro-collab/code/fhn_dnn-1-implementation-in-pytorch/data/important_notes/optimization_track_20260425_hh_track4_assumption_conditioned_surrogate_bundle/runs/direct_fitting/hybrid_refinement_surrogate_bundle_prediction_bayesflow_native_v100_20260425_median_20260425/hybrid_refinement_manifest.json
hybrid_refinement_surrogate_bundle_prediction_swyft_tmnre_structured_median_20260425,predictions_median,2.9188148813978434,1.4409519672393798,0.16322300746651808,0.1427045273404155,13.865181732177735,0.05675782859325409,2.8019221455834926,/projects/neuro-collab/code/fhn_dnn-1-implementation-in-pytorch/data/important_notes/optimization_track_20260425_hh_track4_assumption_conditioned_surrogate_bundle/runs/direct_fitting/hybrid_refinement_surrogate_bundle_prediction_swyft_tmnre_structured_median_20260425/hybrid_refinement_manifest.json
hybrid_refinement_surrogate_bundle_prediction_swyft_tmnre_structured_stage1_v100_20260425_median_20260425,predictions_median,2.9188148813978434,1.4409519672393798,0.16322300746651808,0.1427045273404155,13.865181732177735,0.05675782859325409,2.8019221455834926,/projects/neuro-collab/code/fhn_dnn-1-implementation-in-pytorch/data/important_notes/optimization_track_20260425_hh_track4_assumption_conditioned_surrogate_bundle/runs/direct_fitting/hybrid_refinement_surrogate_bundle_prediction_swyft_tmnre_structured_stage1_v100_20260425_median_20260425/hybrid_refinement_manifest.json
hybrid_refinement_surrogate_bundle_prediction_bayesflow_native_v100_20260425_mean_20260425,predictions_mean,2.9431127129441736,1.4609299898147583,0.16376653844155392,0.1510672185594461,13.885973358154297,0.060536551475524905,3.561492130070293,/projects/neuro-collab/code/fhn_dnn-1-implementation-in-pytorch/data/important_notes/optimization_track_20260425_hh_track4_assumption_conditioned_surrogate_bundle/runs/direct_fitting/hybrid_refinement_surrogate_bundle_prediction_bayesflow_native_v100_20260425_mean_20260425/hybrid_refinement_manifest.json
hybrid_refinement_surrogate_bundle_prediction_swyft_native_aligned_currents_pool_v100_20260425_map_bank_20260425,predictions_map_bank,2.947254262794832,1.401400661468506,0.17126561172391025,0.1256877593359949,14.541492462158203,0.06623839139938355,3.1301139348430356,/projects/neuro-collab/code/fhn_dnn-1-implementation-in-pytorch/data/important_notes/optimization_track_20260425_hh_track4_assumption_conditioned_surrogate_bundle/runs/direct_fitting/hybrid_refinement_surrogate_bundle_prediction_swyft_native_aligned_currents_pool_v100_20260425_map_bank_20260425/hybrid_refinement_manifest.json
hybrid_refinement_surrogate_bundle_prediction_swyft_aligned_pool_median_20260425,predictions_median,2.94761692023676,1.401607131958008,0.1712999005854297,0.12555786506885036,14.542366790771485,0.06706570982933044,3.1714577749276525,/projects/neuro-collab/code/fhn_dnn-1-implementation-in-pytorch/data/important_notes/optimization_track_20260425_hh_track4_assumption_conditioned_surrogate_bundle/runs/direct_fitting/hybrid_refinement_surrogate_bundle_prediction_swyft_aligned_pool_median_20260425/hybrid_refinement_manifest.json
hybrid_refinement_surrogate_bundle_prediction_swyft_native_aligned_currents_pool_v100_20260425_median_20260425,predictions_median,2.94761692023676,1.401607131958008,0.1712999005854297,0.12555786506885036,14.542366790771485,0.06706570982933044,3.1714577749276525,/projects/neuro-collab/code/fhn_dnn-1-implementation-in-pytorch/data/important_notes/optimization_track_20260425_hh_track4_assumption_conditioned_surrogate_bundle/runs/direct_fitting/hybrid_refinement_surrogate_bundle_prediction_swyft_native_aligned_currents_pool_v100_20260425_median_20260425/hybrid_refinement_manifest.json
hybrid_refinement_surrogate_bundle_prediction_snpe_maf_r3_pool4096_final2048_medoid_20260425,predictions_medoid,2.9478210188559695,1.401735258102417,0.17131757586283783,0.12556154474322231,14.542694854736329,0.06742814779281617,3.1991392893548025,/projects/neuro-collab/code/fhn_dnn-1-implementation-in-pytorch/data/important_notes/optimization_track_20260425_hh_track4_assumption_conditioned_surrogate_bundle/runs/direct_fitting/hybrid_refinement_surrogate_bundle_prediction_snpe_maf_r3_pool4096_final2048_medoid_20260425/hybrid_refinement_manifest.json
hybrid_refinement_surrogate_bundle_prediction_bayesflow_temporal_transformer_v100_20260426_median_20260425,predictions_median,2.948660693959261,1.4022072315216065,0.17139987170056178,0.12549090871274407,14.544480133056641,0.06917312294244767,3.3151367686010307,/projects/neuro-collab/code/fhn_dnn-1-implementation-in-pytorch/data/important_notes/optimization_track_20260425_hh_track4_assumption_conditioned_surrogate_bundle/runs/direct_fitting/hybrid_refinement_surrogate_bundle_prediction_bayesflow_temporal_transformer_v100_20260426_median_20260425/hybrid_refinement_manifest.json
hybrid_refinement_surrogate_bundle_prediction_fmpe_mlp_r2_pool4096_final2048_median_20260425,predictions_median,2.949385348127743,1.402611207962036,0.17147676513068474,0.12543003726654237,14.545879364013672,0.07083328515291214,3.430156678972511,/projects/neuro-collab/code/fhn_dnn-1-implementation-in-pytorch/data/important_notes/optimization_track_20260425_hh_track4_assumption_conditioned_surrogate_bundle/runs/direct_fitting/hybrid_refinement_surrogate_bundle_prediction_fmpe_mlp_r2_pool4096_final2048_median_20260425/hybrid_refinement_manifest.json
hybrid_refinement_surrogate_bundle_prediction_poolseq_fmpe_median_20260425,predictions_median,2.949385348127743,1.402611207962036,0.17147676513068474,0.12543003726654237,14.545879364013672,0.07083328515291214,3.430156678972511,/projects/neuro-collab/code/fhn_dnn-1-implementation-in-pytorch/data/important_notes/optimization_track_20260425_hh_track4_assumption_conditioned_surrogate_bundle/runs/direct_fitting/hybrid_refinement_surrogate_bundle_prediction_poolseq_fmpe_median_20260425/hybrid_refinement_manifest.json
hybrid_refinement_surrogate_bundle_prediction_bayesflow_currfusion_medoid_20260425,predictions_medoid,2.9496994440890565,1.4675085306167603,0.163978567893507,0.1449172698080575,13.894835662841796,0.06331394463777543,3.796758344824865,/projects/neuro-collab/code/fhn_dnn-1-implementation-in-pytorch/data/important_notes/optimization_track_20260425_hh_track4_assumption_conditioned_surrogate_bundle/runs/direct_fitting/hybrid_refinement_surrogate_bundle_prediction_bayesflow_currfusion_medoid_20260425/hybrid_refinement_manifest.json
hybrid_refinement_surrogate_bundle_prediction_bayesflow_native_structured_currfusion_v100_20260425_medoid_20260425,predictions_medoid,2.9496994440890565,1.4675085306167603,0.163978567893507,0.1449172698080575,13.894835662841796,0.06331394463777543,3.796758344824865,/projects/neuro-collab/code/fhn_dnn-1-implementation-in-pytorch/data/important_notes/optimization_track_20260425_hh_track4_assumption_conditioned_surrogate_bundle/runs/direct_fitting/hybrid_refinement_surrogate_bundle_prediction_bayesflow_native_structured_currfusion_v100_20260425_medoid_20260425/hybrid_refinement_manifest.json
hybrid_refinement_surrogate_bundle_midpoint_full_20260425,midpoint,2.949797249321283,1.4030608892440797,0.1714295467669748,0.1252446214428386,14.546564483642578,0.07030646055936814,3.287540194133842,/projects/neuro-collab/code/fhn_dnn-1-implementation-in-pytorch/data/important_notes/optimization_track_20260425_hh_track4_assumption_conditioned_surrogate_bundle/runs/direct_fitting/hybrid_refinement_surrogate_bundle_midpoint_full_20260425/hybrid_refinement_manifest.json
hybrid_refinement_surrogate_bundle_prediction_bayesflow_temporal_v100_20260426_median_20260425,predictions_median,2.950930876630835,1.4686190366744996,0.16401479565536833,0.14461791796618076,13.896128082275391,0.06370269656181335,3.8476607413683137,/projects/neuro-collab/code/fhn_dnn-1-implementation-in-pytorch/data/important_notes/optimization_track_20260425_hh_track4_assumption_conditioned_surrogate_bundle/runs/direct_fitting/hybrid_refinement_surrogate_bundle_prediction_bayesflow_temporal_v100_20260426_median_20260425/hybrid_refinement_manifest.json
hybrid_refinement_surrogate_bundle_prediction_bayesflow_set_posterior_v100_20260426_median_20260425,predictions_median,2.952044309795286,1.3706308126449585,0.17521698929759716,0.1421033360946233,14.860225677490234,0.056443159282207486,3.2153005471765645,/projects/neuro-collab/code/fhn_dnn-1-implementation-in-pytorch/data/important_notes/optimization_track_20260425_hh_track4_assumption_conditioned_surrogate_bundle/runs/direct_fitting/hybrid_refinement_surrogate_bundle_prediction_bayesflow_set_posterior_v100_20260426_median_20260425/hybrid_refinement_manifest.json
hybrid_refinement_surrogate_bundle_prediction_temporal_cnn_20260425,predictions_test,2.9523216364062206,1.3712658643722535,0.175092923794603,0.14256565036173782,14.859232330322266,0.053368856012821195,3.0701516904378163,/projects/neuro-collab/code/fhn_dnn-1-implementation-in-pytorch/data/important_notes/optimization_track_20260425_hh_track4_assumption_conditioned_surrogate_bundle/runs/direct_fitting/hybrid_refinement_surrogate_bundle_prediction_temporal_cnn_20260425/hybrid_refinement_manifest.json
hybrid_refinement_surrogate_bundle_prediction_bayesflow_concat_20260425,predictions_test,2.9524783197007816,1.371485424041748,0.1750579574858753,0.14272521871218108,14.858885955810546,0.052889712154865265,3.015177504767367,/projects/neuro-collab/code/fhn_dnn-1-implementation-in-pytorch/data/important_notes/optimization_track_20260425_hh_track4_assumption_conditioned_surrogate_bundle/runs/direct_fitting/hybrid_refinement_surrogate_bundle_prediction_bayesflow_concat_20260425/hybrid_refinement_manifest.json
hybrid_refinement_surrogate_bundle_prediction_bayesflow_native_structured_currfusion_v100_20260425_mean_20260425,predictions_mean,2.9542086118570965,1.399802279472351,0.17279051083228153,0.13138323266578772,14.589675140380859,0.08685493022203446,5.086474459814906,/projects/neuro-collab/code/fhn_dnn-1-implementation-in-pytorch/data/important_notes/optimization_track_20260425_hh_track4_assumption_conditioned_surrogate_bundle/runs/direct_fitting/hybrid_refinement_surrogate_bundle_prediction_bayesflow_native_structured_currfusion_v100_20260425_mean_20260425/hybrid_refinement_manifest.json
hybrid_refinement_surrogate_bundle_prediction_fmpe_mlp_r2_pool4096_final2048_medoid_20260425,predictions_medoid,2.9542349576595845,1.47129647731781,0.16412120687146597,0.14495330487297853,13.900484466552735,0.06456950306892395,3.995966806821209,/projects/neuro-collab/code/fhn_dnn-1-implementation-in-pytorch/data/important_notes/optimization_track_20260425_hh_track4_assumption_conditioned_surrogate_bundle/runs/direct_fitting/hybrid_refinement_surrogate_bundle_prediction_fmpe_mlp_r2_pool4096_final2048_medoid_20260425/hybrid_refinement_manifest.json
hybrid_refinement_surrogate_bundle_prediction_bayesflow_native_meanstd_v100_20260425_mean_20260425,predictions_mean,2.9545334260400375,1.4715776920318604,0.1641301255242753,0.14480319815396275,13.900809478759765,0.06468602567911148,4.008117116584538,/projects/neuro-collab/code/fhn_dnn-1-implementation-in-pytorch/data/important_notes/optimization_track_20260425_hh_track4_assumption_conditioned_surrogate_bundle/runs/direct_fitting/hybrid_refinement_surrogate_bundle_prediction_bayesflow_native_meanstd_v100_20260425_mean_20260425/hybrid_refinement_manifest.json
hybrid_refinement_surrogate_bundle_prediction_bayesflow_currfusion_20260425,predictions_test,3.245624537797074,1.7398477077484131,0.16076131695873078,0.3801282768995417,13.692259979248046,0.04258715808391571,2.6769517414900768,/projects/neuro-collab/code/fhn_dnn-1-implementation-in-pytorch/data/important_notes/optimization_track_20260425_hh_track4_assumption_conditioned_surrogate_bundle/runs/direct_fitting/hybrid_refinement_surrogate_bundle_prediction_bayesflow_currfusion_20260425/hybrid_refinement_manifest.json
hybrid_refinement_surrogate_bundle_prediction_swyft_tmnre_native_v100_20260425_medoid_20260425,predictions_medoid,26.313817955060465,1.5961691379547118,2.5239762762632356,96.92723844609179,14.577214813232422,29.91087949872017,16.872396905264452,/projects/neuro-collab/code/fhn_dnn-1-implementation-in-pytorch/data/important_notes/optimization_track_20260425_hh_track4_assumption_conditioned_surrogate_bundle/runs/direct_fitting/hybrid_refinement_surrogate_bundle_prediction_swyft_tmnre_native_v100_20260425_medoid_20260425/hybrid_refinement_manifest.json
hybrid_refinement_surrogate_bundle_prediction_swyft_native_v100_20260425_medoid_20260425,predictions_medoid,28.933775832805043,1.5740592718124389,3.2167094916930106,102.73717834638528,20.877015686035158,35.987310010194776,19.83326064346187,/projects/neuro-collab/code/fhn_dnn-1-implementation-in-pytorch/data/important_notes/optimization_track_20260425_hh_track4_assumption_conditioned_surrogate_bundle/runs/direct_fitting/hybrid_refinement_surrogate_bundle_prediction_swyft_native_v100_20260425_medoid_20260425/hybrid_refinement_manifest.json
hybrid_refinement_surrogate_bundle_prediction_swyft_native_concat_small_v100_20260425_medoid_20260425,predictions_medoid,29.90565173775791,1.5745745420455932,2.9445567162702115,107.4773819793907,16.452552795410156,41.59750669598579,21.344243815950158,/projects/neuro-collab/code/fhn_dnn-1-implementation-in-pytorch/data/important_notes/optimization_track_20260425_hh_track4_assumption_conditioned_surrogate_bundle/runs/direct_fitting/hybrid_refinement_surrogate_bundle_prediction_swyft_native_concat_small_v100_20260425_medoid_20260425/hybrid_refinement_manifest.json
hybrid_refinement_surrogate_bundle_prediction_bayesflow_native_meanstd_v100_20260425_medoid_20260425,predictions_medoid,88.01816887810926,1.5357971668243409,18.859813280205575,341.3307891458063,63.52243270874023,52.63035963177681,2.456460239792294,/projects/neuro-collab/code/fhn_dnn-1-implementation-in-pytorch/data/important_notes/optimization_track_20260425_hh_track4_assumption_conditioned_surrogate_bundle/runs/direct_fitting/hybrid_refinement_surrogate_bundle_prediction_bayesflow_native_meanstd_v100_20260425_medoid_20260425/hybrid_refinement_manifest.json
