phase,strategy_id,n_runs,mean_mae,std_mae,mean_r2,mean_runtime_sec,task_ids
phaseAK_track4_a30_replication,avgpool_baseline,4,880.4621887207031,0.5375722130723546,-0.11461173556745052,67.65653944015503,"a30_replication__a30t4rep_0001,a30_replication__a30t4rep_0005,a30_replication__a30t4rep_0009,a30_replication__a30t4rep_0013"
phaseAK_track4_a30_replication,effnet_beta005_invstd,4,880.1575622558594,0.6576492181958506,-0.10601919516921043,195.90765070915222,"a30_replication__a30t4rep_0002,a30_replication__a30t4rep_0006,a30_replication__a30t4rep_0010,a30_replication__a30t4rep_0014"
phaseAK_track4_a30_replication,effnet_beta005_invvar,4,880.2243804931641,0.8780446697284716,-0.10717632807791233,197.31702655553818,"a30_replication__a30t4rep_0004,a30_replication__a30t4rep_0008,a30_replication__a30t4rep_0012,a30_replication__a30t4rep_0016"
phaseAK_track4_a30_replication,effnet_beta01_invstd,4,880.8195190429688,0.3849704869952103,-0.1099944207817316,199.31708800792694,"a30_replication__a30t4rep_0003,a30_replication__a30t4rep_0007,a30_replication__a30t4rep_0011,a30_replication__a30t4rep_0015"
phaseAL_track4_a30_gpu_profile,avgpool_baseline,2,880.4634094238281,0.191864013671875,-0.11636264622211456,58.8423570394516,"a30_gpu_profile__a30t4gpu_0001,a30_gpu_profile__a30t4gpu_0004"
phaseAL_track4_a30_gpu_profile,effnet_beta005_invstd,2,879.6884460449219,0.345245361328125,-0.10226989537477493,193.08214795589447,"a30_gpu_profile__a30t4gpu_0002,a30_gpu_profile__a30t4gpu_0005"
phaseAL_track4_a30_gpu_profile,effnet_beta005_invvar,2,880.775390625,0.49322509765625,-0.10411182045936584,196.67503774166107,"a30_gpu_profile__a30t4gpu_0003,a30_gpu_profile__a30t4gpu_0006"
phaseAM_track4_a30_effnet_schedule_retune,effnet_beta005_invstd_e400,3,880.6275431315104,1.387093106036596,-0.10728996743758519,201.73629593849182,"a30_effnet_schedule_retune__a30t4sch_0001,a30_effnet_schedule_retune__a30t4sch_0005,a30_effnet_schedule_retune__a30t4sch_0009"
phaseAM_track4_a30_effnet_schedule_retune,effnet_beta005_invstd_e600,3,882.6387125651041,2.5287895510460823,-0.11279814938704173,285.6938472588857,"a30_effnet_schedule_retune__a30t4sch_0003,a30_effnet_schedule_retune__a30t4sch_0007,a30_effnet_schedule_retune__a30t4sch_0011"
phaseAM_track4_a30_effnet_schedule_retune,effnet_beta005_invvar_e400,3,880.4891764322916,1.0986252015403566,-0.10554699351390202,196.01776583989462,"a30_effnet_schedule_retune__a30t4sch_0002,a30_effnet_schedule_retune__a30t4sch_0006,a30_effnet_schedule_retune__a30t4sch_0010"
phaseAM_track4_a30_effnet_schedule_retune,effnet_beta005_invvar_e600,3,881.4137980143229,1.5680297034242132,-0.10474956780672073,281.6370796362559,"a30_effnet_schedule_retune__a30t4sch_0004,a30_effnet_schedule_retune__a30t4sch_0008,a30_effnet_schedule_retune__a30t4sch_0012"
phaseAN_track4_a30_effnet_tail_schedule_retune,effnet_beta005_invstd_e400,2,880.2430725097656,0.161529541015625,-0.10625864192843437,194.1281476020813,"a30_effnet_tail_schedule_retune__a30t4tail_0001,a30_effnet_tail_schedule_retune__a30t4tail_0007"
phaseAN_track4_a30_effnet_tail_schedule_retune,effnet_beta005_invstd_e500,2,881.08544921875,0.07098388671875,-0.11084520071744919,238.31019461154938,"a30_effnet_tail_schedule_retune__a30t4tail_0006,a30_effnet_tail_schedule_retune__a30t4tail_0012"
phaseAN_track4_a30_effnet_tail_schedule_retune,effnet_beta005_invstd_lowfloor,2,879.7757873535156,0.513824462890625,-0.11160765588283539,193.94070518016815,"a30_effnet_tail_schedule_retune__a30t4tail_0003,a30_effnet_tail_schedule_retune__a30t4tail_0009"
phaseAN_track4_a30_effnet_tail_schedule_retune,effnet_beta005_invvar_e400,2,879.6698303222656,1.872406005859375,-0.10699561610817909,193.9081175327301,"a30_effnet_tail_schedule_retune__a30t4tail_0002,a30_effnet_tail_schedule_retune__a30t4tail_0008"
phaseAN_track4_a30_effnet_tail_schedule_retune,effnet_beta005_invvar_e500,2,880.6192626953125,0.4222412109375,-0.10653284192085266,237.5648078918457,"a30_effnet_tail_schedule_retune__a30t4tail_0005,a30_effnet_tail_schedule_retune__a30t4tail_0011"
phaseAN_track4_a30_effnet_tail_schedule_retune,effnet_beta005_invvar_lowfloor,2,881.0298461914062,1.2867431640625,-0.10864847153425217,200.90226137638092,"a30_effnet_tail_schedule_retune__a30t4tail_0004,a30_effnet_tail_schedule_retune__a30t4tail_0010"
phaseAO_track4_a30_effnet_local_matrix,effnet_beta003_invstd_e400,2,883.7968444824219,1.558807373046875,-0.11069530993700027,192.78534817695618,"a30_effnet_local_matrix__a30t4mat_0001,a30_effnet_local_matrix__a30t4mat_0019"
phaseAO_track4_a30_effnet_local_matrix,effnet_beta003_invstd_e500,2,881.5640869140625,1.43109130859375,-0.10884570702910423,236.28761279582977,"a30_effnet_local_matrix__a30t4mat_0003,a30_effnet_local_matrix__a30t4mat_0021"
phaseAO_track4_a30_effnet_local_matrix,effnet_beta003_invstd_lowfloor,2,882.0571899414062,1.478759765625,-0.10604322701692581,195.1816304922104,"a30_effnet_local_matrix__a30t4mat_0002,a30_effnet_local_matrix__a30t4mat_0020"
phaseAO_track4_a30_effnet_local_matrix,effnet_beta003_invvar_e400,2,882.1722717285156,0.201324462890625,-0.10864051058888435,198.72710716724396,"a30_effnet_local_matrix__a30t4mat_0004,a30_effnet_local_matrix__a30t4mat_0022"
phaseAO_track4_a30_effnet_local_matrix,effnet_beta003_invvar_e500,2,880.5841674804688,1.0389404296875,-0.10620837658643723,236.96838676929474,"a30_effnet_local_matrix__a30t4mat_0006,a30_effnet_local_matrix__a30t4mat_0024"
phaseAO_track4_a30_effnet_local_matrix,effnet_beta003_invvar_lowfloor,2,881.0054626464844,0.205657958984375,-0.10693593323230743,194.85004115104675,"a30_effnet_local_matrix__a30t4mat_0005,a30_effnet_local_matrix__a30t4mat_0023"
phaseAO_track4_a30_effnet_local_matrix,effnet_beta005_invstd_e400,2,881.3914794921875,0.55303955078125,-0.10771358758211136,192.56961238384247,"a30_effnet_local_matrix__a30t4mat_0007,a30_effnet_local_matrix__a30t4mat_0025"
phaseAO_track4_a30_effnet_local_matrix,effnet_beta005_invstd_e500,2,882.4867553710938,1.43505859375,-0.11000585556030273,234.11445474624634,"a30_effnet_local_matrix__a30t4mat_0009,a30_effnet_local_matrix__a30t4mat_0027"
phaseAO_track4_a30_effnet_local_matrix,effnet_beta005_invstd_lowfloor,2,880.9631652832031,0.022003173828125,-0.1058565229177475,191.97391617298126,"a30_effnet_local_matrix__a30t4mat_0008,a30_effnet_local_matrix__a30t4mat_0026"
phaseAO_track4_a30_effnet_local_matrix,effnet_beta005_invvar_e400,2,880.8038330078125,0.71856689453125,-0.1063777469098568,196.00895643234253,"a30_effnet_local_matrix__a30t4mat_0010,a30_effnet_local_matrix__a30t4mat_0028"
phaseAO_track4_a30_effnet_local_matrix,effnet_beta005_invvar_e500,2,879.3962707519531,1.055877685546875,-0.10487246513366699,235.5215619802475,"a30_effnet_local_matrix__a30t4mat_0012,a30_effnet_local_matrix__a30t4mat_0030"
phaseAO_track4_a30_effnet_local_matrix,effnet_beta005_invvar_lowfloor,2,882.1212463378906,0.190765380859375,-0.1090250015258789,192.8315088748932,"a30_effnet_local_matrix__a30t4mat_0011,a30_effnet_local_matrix__a30t4mat_0029"
phaseAO_track4_a30_effnet_local_matrix,effnet_beta007_invstd_e400,2,883.1317138671875,0.26934814453125,-0.11212162673473358,194.82379055023193,"a30_effnet_local_matrix__a30t4mat_0013,a30_effnet_local_matrix__a30t4mat_0031"
phaseAO_track4_a30_effnet_local_matrix,effnet_beta007_invstd_e500,2,882.8003234863281,0.710174560546875,-0.10923675447702408,238.511577129364,"a30_effnet_local_matrix__a30t4mat_0015,a30_effnet_local_matrix__a30t4mat_0033"
phaseAO_track4_a30_effnet_local_matrix,effnet_beta007_invstd_lowfloor,2,882.9691162109375,1.59674072265625,-0.1110743097960949,200.68962454795837,"a30_effnet_local_matrix__a30t4mat_0014,a30_effnet_local_matrix__a30t4mat_0032"
phaseAO_track4_a30_effnet_local_matrix,effnet_beta007_invvar_e400,2,880.9224853515625,0.8116455078125,-0.10770891606807709,233.44742596149445,"a30_effnet_local_matrix__a30t4mat_0016,a30_effnet_local_matrix__a30t4mat_0034"
phaseAO_track4_a30_effnet_local_matrix,effnet_beta007_invvar_e500,2,882.6045532226562,0.0206298828125,-0.11116155236959457,234.20750546455383,"a30_effnet_local_matrix__a30t4mat_0018,a30_effnet_local_matrix__a30t4mat_0036"
phaseAO_track4_a30_effnet_local_matrix,effnet_beta007_invvar_lowfloor,2,881.8285522460938,0.1053466796875,-0.11072205007076263,191.13808953762054,"a30_effnet_local_matrix__a30t4mat_0017,a30_effnet_local_matrix__a30t4mat_0035"
phaseAP_track4_a30_baseline_finalists_confirmation,extra_trees_500,4,507.8658946798507,0.0,0.09316229904476266,16.940517365932465,"a30_baseline_finalists_confirmation__a30t4bfc_0001,a30_baseline_finalists_confirmation__a30t4bfc_0005,a30_baseline_finalists_confirmation__a30t4bfc_0009,a30_baseline_finalists_confirmation__a30t4bfc_0013"
phaseAP_track4_a30_baseline_finalists_confirmation,extra_trees_500_depth20,4,500.4302262599246,0.0,0.10248683082453285,13.055434465408325,"a30_baseline_finalists_confirmation__a30t4bfc_0003,a30_baseline_finalists_confirmation__a30t4bfc_0007,a30_baseline_finalists_confirmation__a30t4bfc_0011,a30_baseline_finalists_confirmation__a30t4bfc_0015"
phaseAP_track4_a30_baseline_finalists_confirmation,extra_trees_500_leaf5,4,507.08402985311415,0.0,0.11749455781284233,10.617749214172363,"a30_baseline_finalists_confirmation__a30t4bfc_0002,a30_baseline_finalists_confirmation__a30t4bfc_0006,a30_baseline_finalists_confirmation__a30t4bfc_0010,a30_baseline_finalists_confirmation__a30t4bfc_0014"
phaseAP_track4_a30_baseline_finalists_confirmation,knn_k5,4,510.9900233128797,0.0,0.09003966420273435,5.355894327163696,"a30_baseline_finalists_confirmation__a30t4bfc_0004,a30_baseline_finalists_confirmation__a30t4bfc_0008,a30_baseline_finalists_confirmation__a30t4bfc_0012,a30_baseline_finalists_confirmation__a30t4bfc_0016"
phaseAP_track4_a30_classical_baselines,extra_trees_200,4,507.48503224962815,0.0,0.09348519998145144,10.567389070987701,"a30_classical_baselines__a30t4cls_0003,a30_classical_baselines__a30t4cls_0006,a30_classical_baselines__a30t4cls_0009,a30_classical_baselines__a30t4cls_0012"
phaseAP_track4_a30_classical_baselines,knn_k5,4,510.9900422869194,0.0,0.09003966053853901,6.2955202460289,"a30_classical_baselines__a30t4cls_0002,a30_classical_baselines__a30t4cls_0005,a30_classical_baselines__a30t4cls_0008,a30_classical_baselines__a30t4cls_0011"
phaseAP_track4_a30_classical_baselines,ridge_svd128_alpha1,4,920.0924682617188,0.0,-0.45426473021507263,6.3797008991241455,"a30_classical_baselines__a30t4cls_0001,a30_classical_baselines__a30t4cls_0004,a30_classical_baselines__a30t4cls_0007,a30_classical_baselines__a30t4cls_0010"
phaseAP_track4_a30_classical_robustness,extra_trees_200_clean,4,507.48503224962815,0.0,0.09348519998145144,10.634276509284973,"a30_classical_robustness__a30t4crob_0001,a30_classical_robustness__a30t4crob_0002,a30_classical_robustness__a30t4crob_0003,a30_classical_robustness__a30t4crob_0004"
phaseAP_track4_a30_classical_robustness,extra_trees_200_noise001,4,914.9498852095714,0.3970905225177006,-0.4207494277047969,11.175012826919556,"a30_classical_robustness__a30t4crob_0005,a30_classical_robustness__a30t4crob_0006,a30_classical_robustness__a30t4crob_0007,a30_classical_robustness__a30t4crob_0008"
phaseAP_track4_a30_classical_robustness,extra_trees_200_noise002,4,919.5021102829544,0.4130757532962576,-0.45858984356671184,10.542191743850708,"a30_classical_robustness__a30t4crob_0009,a30_classical_robustness__a30t4crob_0010,a30_classical_robustness__a30t4crob_0011,a30_classical_robustness__a30t4crob_0012"
phaseAP_track4_a30_classical_robustness,extra_trees_200_noise005,4,921.1403432737967,0.646748465073956,-0.48679595570467976,10.614171206951141,"a30_classical_robustness__a30t4crob_0013,a30_classical_robustness__a30t4crob_0014,a30_classical_robustness__a30t4crob_0015,a30_classical_robustness__a30t4crob_0016"
phaseAP_track4_a30_classical_robustness,extra_trees_200_noise010,4,922.1997202374022,0.3159096248296021,-0.500895083852226,11.063148379325867,"a30_classical_robustness__a30t4crob_0017,a30_classical_robustness__a30t4crob_0018,a30_classical_robustness__a30t4crob_0019,a30_classical_robustness__a30t4crob_0020"
phaseAP_track4_a30_classical_robustness,knn_k5_clean,4,510.9900422869194,0.0,0.09003966053853901,5.294780969619751,"a30_classical_robustness__a30t4crob_0021,a30_classical_robustness__a30t4crob_0022,a30_classical_robustness__a30t4crob_0023,a30_classical_robustness__a30t4crob_0024"
phaseAP_track4_a30_classical_robustness,knn_k5_noise001,4,515.2532240372536,0.6606081643789302,0.09216598111312034,5.2677019238471985,"a30_classical_robustness__a30t4crob_0025,a30_classical_robustness__a30t4crob_0026,a30_classical_robustness__a30t4crob_0027,a30_classical_robustness__a30t4crob_0028"
phaseAP_track4_a30_classical_robustness,knn_k5_noise002,4,525.0100512131785,1.4484491630448535,0.08568525184752196,5.364743232727051,"a30_classical_robustness__a30t4crob_0029,a30_classical_robustness__a30t4crob_0030,a30_classical_robustness__a30t4crob_0031,a30_classical_robustness__a30t4crob_0032"
phaseAP_track4_a30_classical_robustness,knn_k5_noise005,4,551.994812381816,2.477099929007613,0.07570395689049972,5.340244174003601,"a30_classical_robustness__a30t4crob_0033,a30_classical_robustness__a30t4crob_0034,a30_classical_robustness__a30t4crob_0035,a30_classical_robustness__a30t4crob_0036"
phaseAP_track4_a30_classical_robustness,knn_k5_noise010,4,603.7640692365583,6.666237824910919,0.039609339950912655,5.843690812587738,"a30_classical_robustness__a30t4crob_0037,a30_classical_robustness__a30t4crob_0038,a30_classical_robustness__a30t4crob_0039,a30_classical_robustness__a30t4crob_0040"
phaseAP_track4_a30_extra_trees_targeted_confirmation,extra_trees_500,4,507.8658946798507,0.0,0.09316229904476266,21.159062206745148,"a30_extra_trees_targeted_confirmation__a30t4bfc_0001,a30_extra_trees_targeted_confirmation__a30t4bfc_0005,a30_extra_trees_targeted_confirmation__a30t4bfc_0009,a30_extra_trees_targeted_confirmation__a30t4bfc_0013"
phaseAP_track4_a30_extra_trees_targeted_confirmation,extra_trees_500_depth20,4,500.4302262599246,0.0,0.10248683082453285,14.346219956874847,"a30_extra_trees_targeted_confirmation__a30t4bfc_0003,a30_extra_trees_targeted_confirmation__a30t4bfc_0007,a30_extra_trees_targeted_confirmation__a30t4bfc_0011,a30_extra_trees_targeted_confirmation__a30t4bfc_0015"
phaseAP_track4_a30_extra_trees_targeted_confirmation,extra_trees_500_leaf3,4,505.00405702210816,0.0,0.1150522329925997,11.473342418670654,"a30_extra_trees_targeted_confirmation__a30t4bfc_0004,a30_extra_trees_targeted_confirmation__a30t4bfc_0008,a30_extra_trees_targeted_confirmation__a30t4bfc_0012,a30_extra_trees_targeted_confirmation__a30t4bfc_0016"
phaseAP_track4_a30_extra_trees_targeted_confirmation,extra_trees_500_leaf5,4,507.08402985311415,0.0,0.11749455781284239,13.462205588817596,"a30_extra_trees_targeted_confirmation__a30t4bfc_0002,a30_extra_trees_targeted_confirmation__a30t4bfc_0006,a30_extra_trees_targeted_confirmation__a30t4bfc_0010,a30_extra_trees_targeted_confirmation__a30t4bfc_0014"
phaseAP_track4_a30_extra_trees_targeted_tuning,extra_trees_500,4,507.8658946798507,0.0,0.09316229904476266,21.021314084529877,"a30_extra_trees_targeted_tuning__a30t4tree_0001,a30_extra_trees_targeted_tuning__a30t4tree_0002,a30_extra_trees_targeted_tuning__a30t4tree_0003,a30_extra_trees_targeted_tuning__a30t4tree_0004"
phaseAP_track4_a30_extra_trees_targeted_tuning,extra_trees_500_depth16,4,503.0849692912205,0.0,0.10588884566446455,10.947042047977448,"a30_extra_trees_targeted_tuning__a30t4tree_0021,a30_extra_trees_targeted_tuning__a30t4tree_0022,a30_extra_trees_targeted_tuning__a30t4tree_0023,a30_extra_trees_targeted_tuning__a30t4tree_0024"
phaseAP_track4_a30_extra_trees_targeted_tuning,extra_trees_500_depth20,4,500.4302262599246,0.0,0.10248683082453285,12.996469736099243,"a30_extra_trees_targeted_tuning__a30t4tree_0025,a30_extra_trees_targeted_tuning__a30t4tree_0026,a30_extra_trees_targeted_tuning__a30t4tree_0027,a30_extra_trees_targeted_tuning__a30t4tree_0028"
phaseAP_track4_a30_extra_trees_targeted_tuning,extra_trees_500_leaf3,4,505.00405702210816,0.0,0.1150522329925997,11.40813034772873,"a30_extra_trees_targeted_tuning__a30t4tree_0009,a30_extra_trees_targeted_tuning__a30t4tree_0010,a30_extra_trees_targeted_tuning__a30t4tree_0011,a30_extra_trees_targeted_tuning__a30t4tree_0012"
phaseAP_track4_a30_extra_trees_targeted_tuning,extra_trees_500_leaf3_depth16,4,502.73187420798234,0.0,0.10803379419794035,10.235127985477448,"a30_extra_trees_targeted_tuning__a30t4tree_0029,a30_extra_trees_targeted_tuning__a30t4tree_0030,a30_extra_trees_targeted_tuning__a30t4tree_0031,a30_extra_trees_targeted_tuning__a30t4tree_0032"
phaseAP_track4_a30_extra_trees_targeted_tuning,extra_trees_500_leaf5,4,507.08402985311415,0.0,0.11749455781284235,10.58210176229477,"a30_extra_trees_targeted_tuning__a30t4tree_0017,a30_extra_trees_targeted_tuning__a30t4tree_0018,a30_extra_trees_targeted_tuning__a30t4tree_0019,a30_extra_trees_targeted_tuning__a30t4tree_0020"
phaseAP_track4_a30_extra_trees_targeted_tuning,extra_trees_800,4,507.7082978342349,0.0,0.09293011013675619,24.20325517654419,"a30_extra_trees_targeted_tuning__a30t4tree_0005,a30_extra_trees_targeted_tuning__a30t4tree_0006,a30_extra_trees_targeted_tuning__a30t4tree_0007,a30_extra_trees_targeted_tuning__a30t4tree_0008"
phaseAP_track4_a30_extra_trees_targeted_tuning,extra_trees_800_leaf3,4,505.31379951411213,0.0,0.11410984973186276,15.232243239879608,"a30_extra_trees_targeted_tuning__a30t4tree_0013,a30_extra_trees_targeted_tuning__a30t4tree_0014,a30_extra_trees_targeted_tuning__a30t4tree_0015,a30_extra_trees_targeted_tuning__a30t4tree_0016"
phaseAP_track4_a30_extra_trees_tuning,extra_trees_1000,4,507.6556883253049,0.0,0.09308495667775785,28.976018249988556,"a30_extra_trees_tuning__a30t4tree_0025,a30_extra_trees_tuning__a30t4tree_0026,a30_extra_trees_tuning__a30t4tree_0027,a30_extra_trees_tuning__a30t4tree_0028"
phaseAP_track4_a30_extra_trees_tuning,extra_trees_200,4,507.48503224962815,0.0,0.09348519998145144,10.514577209949493,"a30_extra_trees_tuning__a30t4tree_0001,a30_extra_trees_tuning__a30t4tree_0002,a30_extra_trees_tuning__a30t4tree_0003,a30_extra_trees_tuning__a30t4tree_0004"
phaseAP_track4_a30_extra_trees_tuning,extra_trees_200_leaf5,4,506.7948345707391,0.0,0.11876321590172503,7.947712182998657,"a30_extra_trees_tuning__a30t4tree_0009,a30_extra_trees_tuning__a30t4tree_0010,a30_extra_trees_tuning__a30t4tree_0011,a30_extra_trees_tuning__a30t4tree_0012"
phaseAP_track4_a30_extra_trees_tuning,extra_trees_500,4,507.6309339852462,0.0,0.09354300750456129,16.868438005447388,"a30_extra_trees_tuning__a30t4tree_0005,a30_extra_trees_tuning__a30t4tree_0006,a30_extra_trees_tuning__a30t4tree_0007,a30_extra_trees_tuning__a30t4tree_0008"
phaseAP_track4_a30_extra_trees_tuning,extra_trees_500_depth20,4,500.718306099999,0.0,0.10211313847047197,13.026090323925018,"a30_extra_trees_tuning__a30t4tree_0021,a30_extra_trees_tuning__a30t4tree_0022,a30_extra_trees_tuning__a30t4tree_0023,a30_extra_trees_tuning__a30t4tree_0024"
phaseAP_track4_a30_extra_trees_tuning,extra_trees_500_leaf5,4,507.17444943357305,0.0,0.11743007706535402,10.262143909931183,"a30_extra_trees_tuning__a30t4tree_0013,a30_extra_trees_tuning__a30t4tree_0014,a30_extra_trees_tuning__a30t4tree_0015,a30_extra_trees_tuning__a30t4tree_0016"
phaseAP_track4_a30_extra_trees_tuning,extra_trees_500_sqrt,4,508.25978036055875,0.0,0.09275676799783777,5.5804431438446045,"a30_extra_trees_tuning__a30t4tree_0017,a30_extra_trees_tuning__a30t4tree_0018,a30_extra_trees_tuning__a30t4tree_0019,a30_extra_trees_tuning__a30t4tree_0020"
phaseAP_track4_a30_frontier_head_to_head,extra_trees_500_clean,4,507.8658946798507,0.0,0.09316229904476266,20.298013746738434,"a30_frontier_head_to_head__a30t4h2h_0001,a30_frontier_head_to_head__a30t4h2h_0017,a30_frontier_head_to_head__a30t4h2h_0033,a30_frontier_head_to_head__a30t4h2h_0049"
phaseAP_track4_a30_frontier_head_to_head,extra_trees_500_depth20_clean,4,500.4302262599246,0.0,0.10248683082453285,13.169461369514465,"a30_frontier_head_to_head__a30t4h2h_0003,a30_frontier_head_to_head__a30t4h2h_0019,a30_frontier_head_to_head__a30t4h2h_0035,a30_frontier_head_to_head__a30t4h2h_0051"
phaseAP_track4_a30_frontier_head_to_head,extra_trees_500_depth20_noise005,4,921.5445610629963,0.2089236887281902,-0.4841542950685739,13.38014143705368,"a30_frontier_head_to_head__a30t4h2h_0007,a30_frontier_head_to_head__a30t4h2h_0023,a30_frontier_head_to_head__a30t4h2h_0039,a30_frontier_head_to_head__a30t4h2h_0055"
phaseAP_track4_a30_frontier_head_to_head,extra_trees_500_depth20_noise010,4,922.6572096694089,0.1457381002819937,-0.497159819180504,13.266317307949066,"a30_frontier_head_to_head__a30t4h2h_0011,a30_frontier_head_to_head__a30t4h2h_0027,a30_frontier_head_to_head__a30t4h2h_0043,a30_frontier_head_to_head__a30t4h2h_0059"
phaseAP_track4_a30_frontier_head_to_head,extra_trees_500_depth20_noise020,4,923.2837260707701,0.08934436073646665,-0.5056473576074343,13.208077430725098,"a30_frontier_head_to_head__a30t4h2h_0015,a30_frontier_head_to_head__a30t4h2h_0031,a30_frontier_head_to_head__a30t4h2h_0047,a30_frontier_head_to_head__a30t4h2h_0063"
phaseAP_track4_a30_frontier_head_to_head,extra_trees_500_leaf5_clean,4,507.08402985311415,0.0,0.11749455781284236,13.189753770828247,"a30_frontier_head_to_head__a30t4h2h_0002,a30_frontier_head_to_head__a30t4h2h_0018,a30_frontier_head_to_head__a30t4h2h_0034,a30_frontier_head_to_head__a30t4h2h_0050"
phaseAP_track4_a30_frontier_head_to_head,extra_trees_500_leaf5_noise005,4,921.362831269814,0.13646702278185804,-0.47616755499070407,10.647129595279694,"a30_frontier_head_to_head__a30t4h2h_0006,a30_frontier_head_to_head__a30t4h2h_0022,a30_frontier_head_to_head__a30t4h2h_0038,a30_frontier_head_to_head__a30t4h2h_0054"
phaseAP_track4_a30_frontier_head_to_head,extra_trees_500_leaf5_noise010,4,922.749652171134,0.10228198064823026,-0.4908461829296381,10.441652238368988,"a30_frontier_head_to_head__a30t4h2h_0010,a30_frontier_head_to_head__a30t4h2h_0026,a30_frontier_head_to_head__a30t4h2h_0042,a30_frontier_head_to_head__a30t4h2h_0058"
phaseAP_track4_a30_frontier_head_to_head,extra_trees_500_leaf5_noise020,4,923.472961412464,0.17287080792269913,-0.4992144609392845,10.17113333940506,"a30_frontier_head_to_head__a30t4h2h_0014,a30_frontier_head_to_head__a30t4h2h_0030,a30_frontier_head_to_head__a30t4h2h_0046,a30_frontier_head_to_head__a30t4h2h_0062"
phaseAP_track4_a30_frontier_head_to_head,extra_trees_500_noise005,4,921.4972252072562,0.149841241038257,-0.48512567632523407,16.760821104049683,"a30_frontier_head_to_head__a30t4h2h_0005,a30_frontier_head_to_head__a30t4h2h_0021,a30_frontier_head_to_head__a30t4h2h_0037,a30_frontier_head_to_head__a30t4h2h_0053"
phaseAP_track4_a30_frontier_head_to_head,extra_trees_500_noise010,4,922.4402762383174,0.054323823863983774,-0.49869593975062,16.957121908664703,"a30_frontier_head_to_head__a30t4h2h_0009,a30_frontier_head_to_head__a30t4h2h_0025,a30_frontier_head_to_head__a30t4h2h_0041,a30_frontier_head_to_head__a30t4h2h_0057"
phaseAP_track4_a30_frontier_head_to_head,extra_trees_500_noise020,4,923.1391238551541,0.036928132600916215,-0.5073048185892727,17.197036862373352,"a30_frontier_head_to_head__a30t4h2h_0013,a30_frontier_head_to_head__a30t4h2h_0029,a30_frontier_head_to_head__a30t4h2h_0045,a30_frontier_head_to_head__a30t4h2h_0061"
phaseAP_track4_a30_frontier_head_to_head,knn_k11_clean,4,502.13045618051274,0.0,0.11020108768863522,5.685285806655884,"a30_frontier_head_to_head__a30t4h2h_0004,a30_frontier_head_to_head__a30t4h2h_0020,a30_frontier_head_to_head__a30t4h2h_0036,a30_frontier_head_to_head__a30t4h2h_0052"
phaseAP_track4_a30_frontier_head_to_head,knn_k11_noise005,4,545.0594492575312,2.674712050203088,0.1012271548800864,6.1853161454200745,"a30_frontier_head_to_head__a30t4h2h_0008,a30_frontier_head_to_head__a30t4h2h_0024,a30_frontier_head_to_head__a30t4h2h_0040,a30_frontier_head_to_head__a30t4h2h_0056"
phaseAP_track4_a30_frontier_head_to_head,knn_k11_noise010,4,585.2216605700661,4.067215856774981,0.07804461924329648,5.466049373149872,"a30_frontier_head_to_head__a30t4h2h_0012,a30_frontier_head_to_head__a30t4h2h_0028,a30_frontier_head_to_head__a30t4h2h_0044,a30_frontier_head_to_head__a30t4h2h_0060"
phaseAP_track4_a30_frontier_head_to_head,knn_k11_noise020,4,664.0870308611684,5.56830141589082,-0.013620802870284193,5.466377019882202,"a30_frontier_head_to_head__a30t4h2h_0016,a30_frontier_head_to_head__a30t4h2h_0032,a30_frontier_head_to_head__a30t4h2h_0048,a30_frontier_head_to_head__a30t4h2h_0064"
phaseAP_track4_a30_knn_robustness_tuning,knn_k11_clean,4,502.13045618051274,0.0,0.11020108768863522,5.363732755184174,"a30_knn_robustness_tuning__a30t4knnr_0004,a30_knn_robustness_tuning__a30t4knnr_0024,a30_knn_robustness_tuning__a30t4knnr_0044,a30_knn_robustness_tuning__a30t4knnr_0064"
phaseAP_track4_a30_knn_robustness_tuning,knn_k11_noise005,4,544.1670909406748,1.190467532711312,0.10165401065346238,5.603848874568939,"a30_knn_robustness_tuning__a30t4knnr_0009,a30_knn_robustness_tuning__a30t4knnr_0029,a30_knn_robustness_tuning__a30t4knnr_0049,a30_knn_robustness_tuning__a30t4knnr_0069"
phaseAP_track4_a30_knn_robustness_tuning,knn_k11_noise010,4,583.9639668968779,5.017978883913994,0.07613101491511517,5.412090480327606,"a30_knn_robustness_tuning__a30t4knnr_0014,a30_knn_robustness_tuning__a30t4knnr_0034,a30_knn_robustness_tuning__a30t4knnr_0054,a30_knn_robustness_tuning__a30t4knnr_0074"
phaseAP_track4_a30_knn_robustness_tuning,knn_k11_noise020,4,655.1643150494542,2.8919358952208616,-0.0005236229633719625,5.277569234371185,"a30_knn_robustness_tuning__a30t4knnr_0019,a30_knn_robustness_tuning__a30t4knnr_0039,a30_knn_robustness_tuning__a30t4knnr_0059,a30_knn_robustness_tuning__a30t4knnr_0079"
phaseAP_track4_a30_knn_robustness_tuning,knn_k13_clean,4,502.70538188722725,0.0,0.10910164654661096,5.442601323127747,"a30_knn_robustness_tuning__a30t4knnr_0005,a30_knn_robustness_tuning__a30t4knnr_0025,a30_knn_robustness_tuning__a30t4knnr_0045,a30_knn_robustness_tuning__a30t4knnr_0065"
phaseAP_track4_a30_knn_robustness_tuning,knn_k13_noise005,4,543.7627706520244,1.551957834610802,0.09986501762935128,5.551068186759949,"a30_knn_robustness_tuning__a30t4knnr_0010,a30_knn_robustness_tuning__a30t4knnr_0030,a30_knn_robustness_tuning__a30t4knnr_0050,a30_knn_robustness_tuning__a30t4knnr_0070"
phaseAP_track4_a30_knn_robustness_tuning,knn_k13_noise010,4,581.6768884244179,4.639000664313026,0.07903991066311197,5.671226143836975,"a30_knn_robustness_tuning__a30t4knnr_0015,a30_knn_robustness_tuning__a30t4knnr_0035,a30_knn_robustness_tuning__a30t4knnr_0055,a30_knn_robustness_tuning__a30t4knnr_0075"
phaseAP_track4_a30_knn_robustness_tuning,knn_k13_noise020,4,651.3180736941972,3.1216857271204064,0.004233039836186642,5.462950050830841,"a30_knn_robustness_tuning__a30t4knnr_0020,a30_knn_robustness_tuning__a30t4knnr_0040,a30_knn_robustness_tuning__a30t4knnr_0060,a30_knn_robustness_tuning__a30t4knnr_0080"
phaseAP_track4_a30_knn_robustness_tuning,knn_k5_clean,4,510.9900233128797,0.0,0.09003966420273435,9.272072553634644,"a30_knn_robustness_tuning__a30t4knnr_0001,a30_knn_robustness_tuning__a30t4knnr_0021,a30_knn_robustness_tuning__a30t4knnr_0041,a30_knn_robustness_tuning__a30t4knnr_0061"
phaseAP_track4_a30_knn_robustness_tuning,knn_k5_noise005,4,553.6770966896796,2.272097877979429,0.07424492699414925,5.30233633518219,"a30_knn_robustness_tuning__a30t4knnr_0006,a30_knn_robustness_tuning__a30t4knnr_0026,a30_knn_robustness_tuning__a30t4knnr_0046,a30_knn_robustness_tuning__a30t4knnr_0066"
phaseAP_track4_a30_knn_robustness_tuning,knn_k5_noise010,4,603.1937092555793,6.872396184656329,0.03616518800498674,5.856392920017242,"a30_knn_robustness_tuning__a30t4knnr_0011,a30_knn_robustness_tuning__a30t4knnr_0031,a30_knn_robustness_tuning__a30t4knnr_0051,a30_knn_robustness_tuning__a30t4knnr_0071"
phaseAP_track4_a30_knn_robustness_tuning,knn_k5_noise020,4,687.9326205356504,6.430323688275001,-0.062067293006901184,5.31426727771759,"a30_knn_robustness_tuning__a30t4knnr_0016,a30_knn_robustness_tuning__a30t4knnr_0036,a30_knn_robustness_tuning__a30t4knnr_0056,a30_knn_robustness_tuning__a30t4knnr_0076"
phaseAP_track4_a30_knn_robustness_tuning,knn_k7_clean,4,507.2119818672324,0.0,0.10022681880033446,7.18205463886261,"a30_knn_robustness_tuning__a30t4knnr_0002,a30_knn_robustness_tuning__a30t4knnr_0022,a30_knn_robustness_tuning__a30t4knnr_0042,a30_knn_robustness_tuning__a30t4knnr_0062"
phaseAP_track4_a30_knn_robustness_tuning,knn_k7_noise005,4,549.8041769971637,2.2527990699101546,0.08767806098144947,5.62704062461853,"a30_knn_robustness_tuning__a30t4knnr_0007,a30_knn_robustness_tuning__a30t4knnr_0027,a30_knn_robustness_tuning__a30t4knnr_0047,a30_knn_robustness_tuning__a30t4knnr_0067"
phaseAP_track4_a30_knn_robustness_tuning,knn_k7_noise010,4,595.3638912545871,6.340215480631038,0.05356822977771821,5.429195940494537,"a30_knn_robustness_tuning__a30t4knnr_0012,a30_knn_robustness_tuning__a30t4knnr_0032,a30_knn_robustness_tuning__a30t4knnr_0052,a30_knn_robustness_tuning__a30t4knnr_0072"
phaseAP_track4_a30_knn_robustness_tuning,knn_k7_noise020,4,673.4357841308093,3.9623714816979745,-0.033338803751824374,5.299348473548889,"a30_knn_robustness_tuning__a30t4knnr_0017,a30_knn_robustness_tuning__a30t4knnr_0037,a30_knn_robustness_tuning__a30t4knnr_0057,a30_knn_robustness_tuning__a30t4knnr_0077"
phaseAP_track4_a30_knn_robustness_tuning,knn_k9_clean,4,502.64168363795847,0.0,0.10915638579278815,5.270770490169525,"a30_knn_robustness_tuning__a30t4knnr_0003,a30_knn_robustness_tuning__a30t4knnr_0023,a30_knn_robustness_tuning__a30t4knnr_0043,a30_knn_robustness_tuning__a30t4knnr_0063"
phaseAP_track4_a30_knn_robustness_tuning,knn_k9_noise005,4,545.0742203683999,1.0715867015692346,0.09829078867091978,5.277444124221802,"a30_knn_robustness_tuning__a30t4knnr_0008,a30_knn_robustness_tuning__a30t4knnr_0028,a30_knn_robustness_tuning__a30t4knnr_0048,a30_knn_robustness_tuning__a30t4knnr_0068"
phaseAP_track4_a30_knn_robustness_tuning,knn_k9_noise010,4,587.8284008406547,5.215135330396314,0.06912097465593336,5.521030008792877,"a30_knn_robustness_tuning__a30t4knnr_0013,a30_knn_robustness_tuning__a30t4knnr_0033,a30_knn_robustness_tuning__a30t4knnr_0053,a30_knn_robustness_tuning__a30t4knnr_0073"
phaseAP_track4_a30_knn_robustness_tuning,knn_k9_noise020,4,662.3255402137813,3.037689557215559,-0.012254724764015517,5.363877534866333,"a30_knn_robustness_tuning__a30t4knnr_0018,a30_knn_robustness_tuning__a30t4knnr_0038,a30_knn_robustness_tuning__a30t4knnr_0058,a30_knn_robustness_tuning__a30t4knnr_0078"
phaseAP_track4_a30_knn_targeted_tuning,knn_k11,4,502.13045618051274,0.0,0.11020108768863522,5.306335806846619,"a30_knn_targeted_tuning__a30t4knn_0005,a30_knn_targeted_tuning__a30t4knn_0010,a30_knn_targeted_tuning__a30t4knn_0015,a30_knn_targeted_tuning__a30t4knn_0020"
phaseAP_track4_a30_knn_targeted_tuning,knn_k3,4,520.1411126043961,0.0,0.03613813224941912,9.373838007450104,"a30_knn_targeted_tuning__a30t4knn_0001,a30_knn_targeted_tuning__a30t4knn_0006,a30_knn_targeted_tuning__a30t4knn_0011,a30_knn_targeted_tuning__a30t4knn_0016"
phaseAP_track4_a30_knn_targeted_tuning,knn_k5,4,510.9900233128797,0.0,0.09003966420273435,8.5732701420784,"a30_knn_targeted_tuning__a30t4knn_0002,a30_knn_targeted_tuning__a30t4knn_0007,a30_knn_targeted_tuning__a30t4knn_0012,a30_knn_targeted_tuning__a30t4knn_0017"
phaseAP_track4_a30_knn_targeted_tuning,knn_k7,4,507.2119818672324,0.0,0.10022681880033446,6.312445878982544,"a30_knn_targeted_tuning__a30t4knn_0003,a30_knn_targeted_tuning__a30t4knn_0008,a30_knn_targeted_tuning__a30t4knn_0013,a30_knn_targeted_tuning__a30t4knn_0018"
phaseAP_track4_a30_knn_targeted_tuning,knn_k9,4,502.64168363795847,0.0,0.10915638579278815,5.472326993942261,"a30_knn_targeted_tuning__a30t4knn_0004,a30_knn_targeted_tuning__a30t4knn_0009,a30_knn_targeted_tuning__a30t4knn_0014,a30_knn_targeted_tuning__a30t4knn_0019"
phaseAP_track4_a30_noise_robustness,effnet_beta005_invvar_e500_clean,4,880.5186614990234,0.7425795001446664,-0.10525702685117722,13.662758350372314,"a30_noise_robustness__a30t4rob_0001,a30_noise_robustness__a30t4rob_0002,a30_noise_robustness__a30t4rob_0003,a30_noise_robustness__a30t4rob_0004"
phaseAP_track4_a30_noise_robustness,effnet_beta005_invvar_e500_noise001,4,907.2642822265625,16.87445068359375,-0.2209862619638443,21.889986217021942,"a30_noise_robustness__a30t4rob_0005,a30_noise_robustness__a30t4rob_0006,a30_noise_robustness__a30t4rob_0007,a30_noise_robustness__a30t4rob_0008"
phaseAP_track4_a30_noise_robustness,effnet_beta005_invvar_e500_noise002,4,911.909912109375,0.822509765625,-0.2576962783932686,21.65500771999359,"a30_noise_robustness__a30t4rob_0009,a30_noise_robustness__a30t4rob_0010,a30_noise_robustness__a30t4rob_0011,a30_noise_robustness__a30t4rob_0012"
phaseAP_track4_a30_noise_robustness,effnet_beta005_invvar_e500_noise005,4,2200.0995178222656,1277.7195739746094,-164484.27339749038,22.553852319717407,"a30_noise_robustness__a30t4rob_0013,a30_noise_robustness__a30t4rob_0014,a30_noise_robustness__a30t4rob_0015,a30_noise_robustness__a30t4rob_0016"
phaseAP_track4_a30_noise_robustness,effnet_beta005_invvar_e500_noise010,4,1.019033711699683e+16,1.0190337116994338e+16,-7097.22802734375,24.49889212846756,"a30_noise_robustness__a30t4rob_0017,a30_noise_robustness__a30t4rob_0018,a30_noise_robustness__a30t4rob_0019,a30_noise_robustness__a30t4rob_0020"
phaseAP_track4_a30_top3_confirmation,effnet_beta003_invstd_e400,4,880.0870971679688,1.235838134595638,-0.10517654940485954,191.6068390607834,"a30_top3_confirmation__a30t4top_0001,a30_top3_confirmation__a30t4top_0004,a30_top3_confirmation__a30t4top_0007,a30_top3_confirmation__a30t4top_0010"
phaseAP_track4_a30_top3_confirmation,effnet_beta003_invvar_e400,4,879.8932800292969,1.6389360024597168,-0.10319083370268345,197.50611418485641,"a30_top3_confirmation__a30t4top_0002,a30_top3_confirmation__a30t4top_0005,a30_top3_confirmation__a30t4top_0008,a30_top3_confirmation__a30t4top_0011"
phaseAP_track4_a30_top3_confirmation,effnet_beta005_invvar_e500,4,880.5197906494141,0.7398505617095519,-0.10525954142212868,239.92654955387115,"a30_top3_confirmation__a30t4top_0003,a30_top3_confirmation__a30t4top_0006,a30_top3_confirmation__a30t4top_0009,a30_top3_confirmation__a30t4top_0012"
phaseAP_track4_a30_tuned_tree_robustness,extra_trees_500_clean,4,507.8658946798507,0.0,0.09316229904476266,21.242961049079895,"a30_tuned_tree_robustness__a30t4crob_0001,a30_tuned_tree_robustness__a30t4crob_0002,a30_tuned_tree_robustness__a30t4crob_0003,a30_tuned_tree_robustness__a30t4crob_0004"
phaseAP_track4_a30_tuned_tree_robustness,extra_trees_500_depth20_clean,4,500.4302262599246,0.0,0.10248683082453285,13.646934270858765,"a30_tuned_tree_robustness__a30t4crob_0049,a30_tuned_tree_robustness__a30t4crob_0050,a30_tuned_tree_robustness__a30t4crob_0051,a30_tuned_tree_robustness__a30t4crob_0052"
phaseAP_track4_a30_tuned_tree_robustness,extra_trees_500_depth20_noise001,4,913.1173195640589,0.16775834942036863,-0.42181936744280635,13.159083843231201,"a30_tuned_tree_robustness__a30t4crob_0053,a30_tuned_tree_robustness__a30t4crob_0054,a30_tuned_tree_robustness__a30t4crob_0055,a30_tuned_tree_robustness__a30t4crob_0056"
phaseAP_track4_a30_tuned_tree_robustness,extra_trees_500_depth20_noise002,4,918.6285371961633,0.18288687648647345,-0.45740678808532387,13.090266346931458,"a30_tuned_tree_robustness__a30t4crob_0057,a30_tuned_tree_robustness__a30t4crob_0058,a30_tuned_tree_robustness__a30t4crob_0059,a30_tuned_tree_robustness__a30t4crob_0060"
phaseAP_track4_a30_tuned_tree_robustness,extra_trees_500_depth20_noise005,4,921.556346444966,0.14481252191827723,-0.4842705789740927,13.61164903640747,"a30_tuned_tree_robustness__a30t4crob_0061,a30_tuned_tree_robustness__a30t4crob_0062,a30_tuned_tree_robustness__a30t4crob_0063,a30_tuned_tree_robustness__a30t4crob_0064"
phaseAP_track4_a30_tuned_tree_robustness,extra_trees_500_leaf3_clean,4,505.00405702210816,0.0,0.1150522329925997,11.541274845600128,"a30_tuned_tree_robustness__a30t4crob_0017,a30_tuned_tree_robustness__a30t4crob_0018,a30_tuned_tree_robustness__a30t4crob_0019,a30_tuned_tree_robustness__a30t4crob_0020"
phaseAP_track4_a30_tuned_tree_robustness,extra_trees_500_leaf3_noise001,4,912.157118640003,0.2925109580308889,-0.40949440157951394,11.694442451000214,"a30_tuned_tree_robustness__a30t4crob_0021,a30_tuned_tree_robustness__a30t4crob_0022,a30_tuned_tree_robustness__a30t4crob_0023,a30_tuned_tree_robustness__a30t4crob_0024"
phaseAP_track4_a30_tuned_tree_robustness,extra_trees_500_leaf3_noise002,4,918.0246773736803,0.24053072271864714,-0.44888492761580057,11.614096462726593,"a30_tuned_tree_robustness__a30t4crob_0025,a30_tuned_tree_robustness__a30t4crob_0026,a30_tuned_tree_robustness__a30t4crob_0027,a30_tuned_tree_robustness__a30t4crob_0028"
phaseAP_track4_a30_tuned_tree_robustness,extra_trees_500_leaf3_noise005,4,921.512355299555,0.12615240022410806,-0.4798645677204264,11.457593262195587,"a30_tuned_tree_robustness__a30t4crob_0029,a30_tuned_tree_robustness__a30t4crob_0030,a30_tuned_tree_robustness__a30t4crob_0031,a30_tuned_tree_robustness__a30t4crob_0032"
phaseAP_track4_a30_tuned_tree_robustness,extra_trees_500_leaf5_clean,4,507.08402985311415,0.0,0.11749455781284235,10.873603105545044,"a30_tuned_tree_robustness__a30t4crob_0033,a30_tuned_tree_robustness__a30t4crob_0034,a30_tuned_tree_robustness__a30t4crob_0035,a30_tuned_tree_robustness__a30t4crob_0036"
phaseAP_track4_a30_tuned_tree_robustness,extra_trees_500_leaf5_noise001,4,910.8447488573026,0.11547147164261436,-0.4042542588779231,10.288900017738342,"a30_tuned_tree_robustness__a30t4crob_0037,a30_tuned_tree_robustness__a30t4crob_0038,a30_tuned_tree_robustness__a30t4crob_0039,a30_tuned_tree_robustness__a30t4crob_0040"
phaseAP_track4_a30_tuned_tree_robustness,extra_trees_500_leaf5_noise002,4,917.6214654188279,0.14070470876000118,-0.4443638516553009,10.26386022567749,"a30_tuned_tree_robustness__a30t4crob_0041,a30_tuned_tree_robustness__a30t4crob_0042,a30_tuned_tree_robustness__a30t4crob_0043,a30_tuned_tree_robustness__a30t4crob_0044"
phaseAP_track4_a30_tuned_tree_robustness,extra_trees_500_leaf5_noise005,4,921.3701176170762,0.16166614119340042,-0.475948713406993,10.2557954788208,"a30_tuned_tree_robustness__a30t4crob_0045,a30_tuned_tree_robustness__a30t4crob_0046,a30_tuned_tree_robustness__a30t4crob_0047,a30_tuned_tree_robustness__a30t4crob_0048"
phaseAP_track4_a30_tuned_tree_robustness,extra_trees_500_noise001,4,915.0786308405183,0.1620842835467787,-0.42084215047976403,17.327549874782562,"a30_tuned_tree_robustness__a30t4crob_0005,a30_tuned_tree_robustness__a30t4crob_0006,a30_tuned_tree_robustness__a30t4crob_0007,a30_tuned_tree_robustness__a30t4crob_0008"
phaseAP_track4_a30_tuned_tree_robustness,extra_trees_500_noise002,4,919.3221807332912,0.26962710697997627,-0.4577914594111633,17.02188277244568,"a30_tuned_tree_robustness__a30t4crob_0009,a30_tuned_tree_robustness__a30t4crob_0010,a30_tuned_tree_robustness__a30t4crob_0011,a30_tuned_tree_robustness__a30t4crob_0012"
phaseAP_track4_a30_tuned_tree_robustness,extra_trees_500_noise005,4,921.4245233006308,0.14006837159226884,-0.48527157316113767,17.28282755613327,"a30_tuned_tree_robustness__a30t4crob_0013,a30_tuned_tree_robustness__a30t4crob_0014,a30_tuned_tree_robustness__a30t4crob_0015,a30_tuned_tree_robustness__a30t4crob_0016"
phaseAP_track4_a30_tuned_tree_robustness,knn_k5_clean,4,510.9900233128797,0.0,0.09003966420273435,5.383182644844055,"a30_tuned_tree_robustness__a30t4crob_0065,a30_tuned_tree_robustness__a30t4crob_0066,a30_tuned_tree_robustness__a30t4crob_0067,a30_tuned_tree_robustness__a30t4crob_0068"
phaseAP_track4_a30_tuned_tree_robustness,knn_k5_noise001,4,516.6382395344484,1.1618251899543373,0.08928913986605183,5.252060055732727,"a30_tuned_tree_robustness__a30t4crob_0069,a30_tuned_tree_robustness__a30t4crob_0070,a30_tuned_tree_robustness__a30t4crob_0071,a30_tuned_tree_robustness__a30t4crob_0072"
phaseAP_track4_a30_tuned_tree_robustness,knn_k5_noise002,4,525.8547243163425,1.6534566142187135,0.0883530533782318,5.238185882568359,"a30_tuned_tree_robustness__a30t4crob_0073,a30_tuned_tree_robustness__a30t4crob_0074,a30_tuned_tree_robustness__a30t4crob_0075,a30_tuned_tree_robustness__a30t4crob_0076"
phaseAP_track4_a30_tuned_tree_robustness,knn_k5_noise005,4,553.2430698687273,3.6049665028638596,0.07595778523678562,5.318196892738342,"a30_tuned_tree_robustness__a30t4crob_0077,a30_tuned_tree_robustness__a30t4crob_0078,a30_tuned_tree_robustness__a30t4crob_0079,a30_tuned_tree_robustness__a30t4crob_0080"
