branch,status,completed_runs,running_tasks,pending_tasks,failed_tasks,comparability_class,evidence,note
bayesflow,completed,9,0,0,0,assumption_conditioned_aligned_multicurrent_a30,"a30runall__bayesflow_native_meanstd_v100_20260425, a30runall__bayesflow_native_v100_20260425, a30runall__bayesflow_native_structured_currfusion_v100_20260425, a30runall__bayesflow_native_structured_currfusion_deltas_v100_20260425, a30runall__bayesflow_temporal_v100_20260426, a30runall__bayesflow_temporal_transformer_v100_20260426, a30runall__bayesflow_fusion_transformer_v100_20260426, a30runall__bayesflow_set_posterior_v100_20260426",decision-rule coverage is faithful only for explicit local rule files plus mean rows derivable from raw predictions
swyft,completed,3,0,0,0,assumption_conditioned_aligned_multicurrent_a30,"a30runall__swyft_native_v100_20260425, a30runall__swyft_native_concat_small_v100_20260425, a30runall__swyft_native_aligned_currents_pool_v100_20260425",decision-rule coverage is faithful only for explicit local rule files plus mean rows derivable from raw predictions
tmnre,completed,4,0,0,0,assumption_conditioned_aligned_multicurrent_a30,"a30runall__swyft_tmnre_native_v100_20260425, a30runall__swyft_tmnre_structured_stage1_v100_20260425, a30runall__swyft_tmnre_score_prune_structured_v100_20260426, a30runall__swyft_tmnre_schedule_matrix_v100_20260425",decision-rule coverage is faithful only for explicit local rule files plus mean rows derivable from raw predictions
poolseq_sbi,completed,2,0,0,0,assumption_conditioned_poolseq_sbi_a30,"a30runall__fmpe_mlp_r2_pool4096_final2048, a30runall__snpe_maf_r3_pool4096_final2048","mean, median, selected, and medoid rules are locally derivable from campaign-stored posterior outputs"
active_sequential,completed,10,0,0,0,assumption_conditioned_surrogate_active_design_a30,"a30surr__active_sequential_smoke_20260425, a30surr__active_sequential_wasserstein_smoke_20260425, a30surr__active_sequential_default_20260425, a30surr__active_sequential_disagreement_full_20260425, a30surr__active_sequential_wasserstein_full_20260425, a30surr__active_sequential_uncertainty_full_20260425, a30surr__active_sequential_uncertainty_smoke_20260428, a30surr__active_sequential_disagreement_extended_20260428",
asnpe,completed,4,0,0,0,assumption_conditioned_surrogate_active_design_a30,"a30surr__asnpe_primary_v100_20260426, a30surr__asnpe_smoke_local_20260426, a30surr__asnpe_secondary_v100_20260426, a30surr__asnpe_extended_v100_20260428",
simformer,completed,2,0,0,0,upstream_hh_benchmark_not_directly_comparable,"a30lit__simformer_official_hh_primary_20260426, a30lit__simformer_official_hh_secondary_20260426","official upstream HH benchmark, not directly comparable to local aligned or surrogate rows"
generalized_bayes_npe,completed,1,0,0,0,assumption_conditioned_local_adaptation_not_exact_paper_code,a30lit__generalized_bayes_npe_main_20260426,"bounded local beta-conditioned adaptation, which should not be reported as the exact paper implementation"
temporal_deterministic,completed,1,0,0,0,assumption_conditioned_aligned_multicurrent_a30,a30runall__temporal_cnn_aligned_v100_20260426,
